"level";"id";"parent_id";"object_id";"object_type";"object_key";"query_status";"query_time";"query_type";"name";"message"
"0";"1";"None";"1761557280583534";"seed";"";"";"None";"None";"";""
"1";"2";"1";"1761557280583534";"data";"data.*";"fetched (200)";"2023-10-01 16:09:41.189158";"Facebook:/<comment-id>/comments";"";"Roxana Isla Laurel Paula Puicon cuando demoran los delivery en la guardia jajaja"
"1";"3";"1";"1761557280583534";"data";"data.*";"fetched (200)";"2023-10-01 16:09:41.189158";"Facebook:/<comment-id>/comments";"";"Sandro Ku ahahaha nuestro pollito que llego en 3 horas por lima delivery ajajajs"
"1";"4";"1";"1761557280583534";"data";"data.*";"fetched (200)";"2023-10-01 16:09:41.189158";"Facebook:/<comment-id>/comments";"";"Amor mira jajaja nunca llegó el pollito John Rodríguez"
"1";"5";"1";"1761557280583534";"data";"data.*";"fetched (200)";"2023-10-01 16:09:41.189158";"Facebook:/<comment-id>/comments";"";"Pollito con papas Percy Fernando 😋😋"
"1";"6";"1";"1761557280583534";"data";"data.*";"fetched (200)";"2023-10-01 16:09:41.189158";"Facebook:/<comment-id>/comments";"";"Antonio Arana Nicolás se acuerdan en verano cuando pedi pizza por internet y,nunca llego y la mama de antonio tuvo que llamar a pedir JAJAJA PARADOS EN LA TERRAZA COMO IDIOTAS JAJA"
"1";"7";"1";"1761557280583534";"data";"data.*";"fetched (200)";"2023-10-01 16:09:41.189158";"Facebook:/<comment-id>/comments";"";"''El pollito nunca me llegó, ni las papitas ni mi pechugón, me falló la pollería y no quiero pollo al vapor'' 🎶 😭😭😭"
"1";"8";"1";"1761557280583534";"data";"data.*";"fetched (200)";"2023-10-01 16:09:41.189158";"Facebook:/<comment-id>/comments";"";"JAJAAJAJAJAJAAJA XDDD RAYOS suele pasar e incluso en provincias 💔 es lo peor, #pueblochicoinfiernograndeMIPOLLITOCONPAPAS  xc"
"1";"9";"1";"1761557280583534";"data";"data.*";"fetched (200)";"2023-10-01 16:09:41.189158";"Facebook:/<comment-id>/comments";"";"Me paso, que pedimos el pollo un 31 de dic, 10:00pm “Llegamos en 40 minutos”; el pollo llego a la 1:30am, del 1 de enero :)💔"
"1";"10";"1";"1761557280583534";"data";"data.*";"fetched (200)";"2023-10-01 16:09:41.189158";"Facebook:/<comment-id>/comments";"";"Abner Vela primeros días d cuarentena jajajaajaa"
"1";"11";"1";"1761557280583534";"data";"data.*";"fetched (200)";"2023-10-01 16:09:41.189158";"Facebook:/<comment-id>/comments";"";"Yazmin Anarella extraño nuestros deliverys jajajaja"
"1";"12";"1";"1761557280583534";"data";"data.*";"fetched (200)";"2023-10-01 16:09:41.189158";"Facebook:/<comment-id>/comments";"";"Jajaja si nunca diste la dirección xd"
"1";"13";"1";"1761557280583534";"data";"data.*";"fetched (200)";"2023-10-01 16:09:41.189158";"Facebook:/<comment-id>/comments";"";"Dula nisiquiera me querían contestar el teléfono 😭😭😭😭😭"
"1";"14";"1";"1761557280583534";"data";"data.*";"fetched (200)";"2023-10-01 16:09:41.189158";"Facebook:/<comment-id>/comments";"";"Y bastantes servilletas porqué siempre me mancho; Aldair tú me entiendes😂"
"1";"15";"1";"1761557280583534";"data";"data.*";"fetched (200)";"2023-10-01 16:09:41.189158";"Facebook:/<comment-id>/comments";"";"Beaker Yzaguirre nos ha pasado. Ps. Quiero salir gritando ES DOMINGO DE POLLITO 🐣"
"1";"16";"1";"1761557280583534";"data";"data.*";"fetched (200)";"2023-10-01 16:09:41.189158";"Facebook:/<comment-id>/comments";"";"Debra Reaño Cuando nuestro pollito de KFC demoraba más de la cuenta :'("
"1";"17";"1";"1761557280583534";"data";"data.*";"fetched (200)";"2023-10-01 16:09:41.189158";"Facebook:/<comment-id>/comments";"";"Karin Criss la parte de la chica mirando el reloj me hizo acordar a nosotras cuando hacemos la cuenta regresiva para que nos toque la pizza gratis :v"
"1";"18";"1";"1761557280583534";"data";"data.*";"fetched (200)";"2023-10-01 16:09:41.189158";"Facebook:/<comment-id>/comments";"";"Fabiola CáceresArévalo a mi me plantaron y a ti nunca te llegó el pollito JAJAJAJAJA"
"1";"19";"1";"1761557280583534";"data";"data.*";"fetched (200)";"2023-10-01 16:09:41.189158";"Facebook:/<comment-id>/comments";"";"Eymi Sofia su pijama se parece a la mia.. pero la mia es rosadita jajaja"
"1";"20";"1";"1761557280583534";"data";"data.*";"fetched (200)";"2023-10-01 16:09:41.189158";"Facebook:/<comment-id>/comments";"";"Marcia Burga te acuerdasss q me paso algoo similar.. abuuu y al final me trajeron otra coss jajajaja"
"1";"21";"1";"1761557280583534";"data";"data.*";"fetched (200)";"2023-10-01 16:09:41.189158";"Facebook:/<comment-id>/comments";"";"Lisbeth Flores nunca olvidaré ese día en tu casa que se demoro más que Gf"
"1";"22";"1";"1761557280583534";"data";"data.*";"fetched (200)";"2023-10-01 16:09:41.189158";"Facebook:/<comment-id>/comments";"";"Andrés Prado Jajajajjajajjaa cuano llamaste a kfc jaajjajajajajajajjjjajajjaj"
"1";"23";"1";"1761557280583534";"data";"data.*";"fetched (200)";"2023-10-01 16:09:41.189158";"Facebook:/<comment-id>/comments";"";"Yasbel Bazalar e ahí una triste historia pero más triste es que no manden ketchup 😭😭"
"1";"24";"1";"1761557280583534";"data";"data.*";"fetched (200)";"2023-10-01 16:09:41.189158";"Facebook:/<comment-id>/comments";"";"Cristina cuando tu pollito llegó al día siguiente jajaja"
"1";"25";"1";"1761557280583534";"data";"data.*";"fetched (200)";"2023-10-01 16:09:41.189158";"Facebook:/<comment-id>/comments";"";"Nada nos dejaste de hambre ,si o no Roxana ,todo por el p........"
"1";"26";"1";"1761557280583534";"data";"data.*";"fetched (200)";"2023-10-01 16:09:41.189158";"Facebook:/<comment-id>/comments";"";"Walter Ambrosio, gosdiii,  nuestro clásico ""domingo de pollito"" 🙆🐷🙈, aunque ahora es ""domingo de Tipakay""... 😛😅🙊"
"1";"27";"1";"1761557280583534";"offcut";"";"fetched (200)";"2023-10-01 16:09:41.189158";"Facebook:/<comment-id>/comments";"";""
"1";"28";"1";"1761557280583534";"data";"data.*";"fetched (200)";"2023-10-01 16:09:41.600730";"Facebook:/<comment-id>/comments";"";"Leydi Carolina Cualquier parecido con la realidad, es pura coincidencia :("
"1";"29";"1";"1761557280583534";"data";"data.*";"fetched (200)";"2023-10-01 16:09:41.600730";"Facebook:/<comment-id>/comments";"";"Jesus, José aún sigo esperando mi pollito de wong :("
"1";"30";"1";"1761557280583534";"data";"data.*";"fetched (200)";"2023-10-01 16:09:41.600730";"Facebook:/<comment-id>/comments";"";"Atorrante eres pollo, Bryan. Renzo, después se queja no? 😂"
"1";"31";"1";"1761557280583534";"data";"data.*";"fetched (200)";"2023-10-01 16:09:41.600730";"Facebook:/<comment-id>/comments";"";"La comida se respeta y el delivery lo sabe ... No jueguen con mis sentimientos porfavaaaaaar  Me pasó y mi pollito nunca llegó, pero me compré un rico chaufita y se me pasó :p"
"1";"32";"1";"1761557280583534";"data";"data.*";"fetched (200)";"2023-10-01 16:09:41.600730";"Facebook:/<comment-id>/comments";"";"Maria Fe Raffo jajajajaja vi esto y se me vino a la mente tu publicacion de wong"
"1";"33";"1";"1761557280583534";"data";"data.*";"fetched (200)";"2023-10-01 16:09:41.600730";"Facebook:/<comment-id>/comments";"";"Alexandra Ghiggo cuando el señor de kfc llegó 1 minuto antes jajajajajajka"
"1";"34";"1";"1761557280583534";"data";"data.*";"fetched (200)";"2023-10-01 16:09:41.600730";"Facebook:/<comment-id>/comments";"";"Kelly Diaz te acuerdas cuando queríamos pedir pollito con papas , pero no encontraban la casa JAJAJA"
"1";"35";"1";"1761557280583534";"data";"data.*";"fetched (200)";"2023-10-01 16:09:41.600730";"Facebook:/<comment-id>/comments";"";"Carol Soto amorcito la pizza nunca llego, te acuerdas more 😢😭"
"1";"36";"1";"1761557280583534";"data";"data.*";"fetched (200)";"2023-10-01 16:09:41.600730";"Facebook:/<comment-id>/comments";"";"Valeria lo más triste que verás hoy :'( se pasaron de verga para hacer eso :("
"1";"37";"1";"1761557280583534";"data";"data.*";"fetched (200)";"2023-10-01 16:09:41.600730";"Facebook:/<comment-id>/comments";"";"Nadia YenifferHernandez menos mal que esa noche llego nuestro pollito ajajaa"
"1";"38";"1";"1761557280583534";"data";"data.*";"fetched (200)";"2023-10-01 16:09:41.600730";"Facebook:/<comment-id>/comments";"";"Jorge André el pollito con papas (papas) 😂😂😂  Pdta: siempre llegas tarde como más de 30min 🙄🙄😡"
"1";"39";"1";"1761557280583534";"data";"data.*";"fetched (200)";"2023-10-01 16:09:41.600730";"Facebook:/<comment-id>/comments";"";"AC Mayu esa es la gente cuando hago escala en tu casa para visitarte 😂😂😂"
"1";"40";"1";"1761557280583534";"data";"data.*";"fetched (200)";"2023-10-01 16:09:41.600730";"Facebook:/<comment-id>/comments";"";"Alberto tú con tus pizzas, tienes que hacer vídeo con Anto jaja"
"1";"41";"1";"1761557280583534";"data";"data.*";"fetched (200)";"2023-10-01 16:09:41.600730";"Facebook:/<comment-id>/comments";"";"Con la comida nunca se deben meter...jajaja..hay nena...tu vídeo me hizo recordar momentos así...eres lo máximo"
"1";"42";"1";"1761557280583534";"data";"data.*";"fetched (200)";"2023-10-01 16:09:41.600730";"Facebook:/<comment-id>/comments";"";"Abigail Legarreta C la pizza que llegó cuando ya se había acabado la pela, eran las 11 de la noche y no habíamos almorzado 😫 jajajajajajaja"
"1";"43";"1";"1761557280583534";"data";"data.*";"fetched (200)";"2023-10-01 16:09:41.600730";"Facebook:/<comment-id>/comments";"";"Renzo Matta Amaya para que entiendas mi drama. Así me pongo jajajajajaja"
"1";"44";"1";"1761557280583534";"data";"data.*";"fetched (200)";"2023-10-01 16:09:41.600730";"Facebook:/<comment-id>/comments";"";"Alan así de dramática cuando no hay pollito😭"
"1";"45";"1";"1761557280583534";"data";"data.*";"fetched (200)";"2023-10-01 16:09:41.600730";"Facebook:/<comment-id>/comments";"";"Así es con la comida no Se juega..... Lo máximo Antonella..... !!!!!"
"1";"46";"1";"1761557280583534";"data";"data.*";"fetched (200)";"2023-10-01 16:09:41.600730";"Facebook:/<comment-id>/comments";"";"Oscar Zuñiga menos mal que El Galpón llega en 5 minutos 😊😊😊"
"1";"47";"1";"1761557280583534";"data";"data.*";"fetched (200)";"2023-10-01 16:09:41.600730";"Facebook:/<comment-id>/comments";"";"Pizza Hut por todos mis pedidos que nunca llegaron :v"
"1";"48";"1";"1761557280583534";"data";"data.*";"fetched (200)";"2023-10-01 16:09:41.600730";"Facebook:/<comment-id>/comments";"";"Jajajajaja aquellos domingos de marmoteo intenso y el pollito a la brasa + gossip girl !! Carla Salguero, Joselyn Avelino 😂😂😂"
"1";"49";"1";"1761557280583534";"data";"data.*";"fetched (200)";"2023-10-01 16:09:41.600730";"Facebook:/<comment-id>/comments";"";"Mirko Quiroz JAJAJA tu domingo de pollito que se atrasó JAJA"
"1";"50";"1";"1761557280583534";"data";"data.*";"fetched (200)";"2023-10-01 16:09:41.600730";"Facebook:/<comment-id>/comments";"";"Daniel Ruiz jajajaja recuerdas nuestro delivery que llego como una hora después 😂😂"
"1";"51";"1";"1761557280583534";"data";"data.*";"fetched (200)";"2023-10-01 16:09:41.600730";"Facebook:/<comment-id>/comments";"";"Luis, Kevin Jajajaja ese Delivery se me hace muy conocido 😂😂😂😂😂"
"1";"52";"1";"1761557280583534";"data";"data.*";"fetched (200)";"2023-10-01 16:09:41.600730";"Facebook:/<comment-id>/comments";"";"Katherine Flores Gonzales jajajajjaa cambiale por el aji nomas jajajajaajajaja xD"
"1";"53";"1";"1761557280583534";"offcut";"";"fetched (200)";"2023-10-01 16:09:41.600730";"Facebook:/<comment-id>/comments";"";""
"1";"54";"1";"1761557280583534";"data";"data.*";"fetched (200)";"2023-10-01 16:09:42.113446";"Facebook:/<comment-id>/comments";"";"Katherine A. Chavez 😂😂😂😂😂 cuando se demoran en dallas jajajaa"
"1";"55";"1";"1761557280583534";"data";"data.*";"fetched (200)";"2023-10-01 16:09:42.113446";"Facebook:/<comment-id>/comments";"";"Eliana Maricielo chicas nuestro caso ayer 😂😂😂😂😂"
"1";"56";"1";"1761557280583534";"data";"data.*";"fetched (200)";"2023-10-01 16:09:42.113446";"Facebook:/<comment-id>/comments";"";"Chiara Sambuceti jajajjaja me acorde de ti y tu hamburguesa"
"1";"57";"1";"1761557280583534";"data";"data.*";"fetched (200)";"2023-10-01 16:09:42.113446";"Facebook:/<comment-id>/comments";"";"Karen te acuerdas 2 horas esperando y nada por dolor atacamos la panera"
"1";"58";"1";"1761557280583534";"data";"data.*";"fetched (200)";"2023-10-01 16:09:42.113446";"Facebook:/<comment-id>/comments";"";"Sthefany Magallanes Atúncar es lo mas triste que te puede pasar que tu pollito no llegue"
"1";"59";"1";"1761557280583534";"data";"data.*";"fetched (200)";"2023-10-01 16:09:42.113446";"Facebook:/<comment-id>/comments";"";"Florencia Delgado cuando los de pedidosya te cancelan el pedido"
"1";"60";"1";"1761557280583534";"data";"data.*";"fetched (200)";"2023-10-01 16:09:42.113446";"Facebook:/<comment-id>/comments";"";"Cecilia Portilla, esto me hace recordar el día de ayer 😆"
"1";"61";"1";"1761557280583534";"data";"data.*";"fetched (200)";"2023-10-01 16:09:42.113446";"Facebook:/<comment-id>/comments";"";"como dice el refran si el pollo no viene a Mahoma, Mahoma va en busca del pollo., jajajaja"
"1";"62";"1";"1761557280583534";"data";"data.*";"fetched (200)";"2023-10-01 16:09:42.113446";"Facebook:/<comment-id>/comments";"";"Nicole Andrea :’v"
"1";"63";"1";"1761557280583534";"data";"data.*";"fetched (200)";"2023-10-01 16:09:42.113446";"Facebook:/<comment-id>/comments";"";"Flor Elizabeth Virhuez cuando nos pase eso , ya sabes la canción 🤣🤣🤣🤣"
"1";"64";"1";"1761557280583534";"data";"data.*";"fetched (200)";"2023-10-01 16:09:42.113446";"Facebook:/<comment-id>/comments";"";"Tatiana Andrea Rueda pero no vino nunca no llegó.... jajajajaja"
"1";"65";"1";"1761557280583534";"data";"data.*";"fetched (200)";"2023-10-01 16:09:42.113446";"Facebook:/<comment-id>/comments";"";"Yomira Fernandez Ato ahora entiendes el valor del pollito"
"1";"66";"1";"1761557280583534";"data";"data.*";"fetched (200)";"2023-10-01 16:09:42.113446";"Facebook:/<comment-id>/comments";"";"Patty Durand Gastañaduí tu almuerzo del día de entrega jajajajaja tu pollito ☹️☹️☹️"
"1";"67";"1";"1761557280583534";"data";"data.*";"fetched (200)";"2023-10-01 16:09:42.113446";"Facebook:/<comment-id>/comments";"";"Jajajajaaja esto es por lo q lloramos Lily Avalos Moreyra Jajajajaaja #pollitoconpapas🐷"
"1";"68";"1";"1761557280583534";"data";"data.*";"fetched (200)";"2023-10-01 16:09:42.113446";"Facebook:/<comment-id>/comments";"";"Manuel Cacho Luna yo muriéndome xq el delivery de las canastas demora ☹️"
"1";"69";"1";"1761557280583534";"data";"data.*";"fetched (200)";"2023-10-01 16:09:42.113446";"Facebook:/<comment-id>/comments";"";"Luis Carlos Lopez nunca olvidare tu delivery ignorado JAJAJA"
"1";"70";"1";"1761557280583534";"data";"data.*";"fetched (200)";"2023-10-01 16:09:42.113446";"Facebook:/<comment-id>/comments";"";"Guillermo Lopez cuando el tío papa john's nos hace esperar  😂"
"1";"71";"1";"1761557280583534";"data";"data.*";"fetched (200)";"2023-10-01 16:09:42.113446";"Facebook:/<comment-id>/comments";"";"Alexa Ramirez, Sandra Díaz, nuestra pizza 😥😥😥. Ah, esperen, sí llegó 🤔"
"1";"72";"1";"1761557280583534";"data";"data.*";"fetched (200)";"2023-10-01 16:09:42.113446";"Facebook:/<comment-id>/comments";"";"Angélica Cesar a nuestro barrio no entra el delivery :v 🤣"
"1";"73";"1";"1761557280583534";"data";"data.*";"fetched (200)";"2023-10-01 16:09:42.113446";"Facebook:/<comment-id>/comments";"";"Vivian Gutiérrez Reyes jajaja cuando pedimos KFC Y NUNCA LLEGÓ 😞 ☹️☹️☹️☹️☹️☹️"
"1";"74";"1";"1761557280583534";"data";"data.*";"fetched (200)";"2023-10-01 16:09:42.113446";"Facebook:/<comment-id>/comments";"";"Sebastian Alarcon Castro yo esperando el delivery de mc donald’s 😂😂"
"1";"75";"1";"1761557280583534";"data";"data.*";"fetched (200)";"2023-10-01 16:09:42.113446";"Facebook:/<comment-id>/comments";"";"María Alejandra Delgado la más amante del pollito jajajajajaa 🙄🙄"
"1";"76";"1";"1761557280583534";"data";"data.*";"fetched (200)";"2023-10-01 16:09:42.113446";"Facebook:/<comment-id>/comments";"";"Frescia Sanchez Muñoz el pollito con papas no se juega‼️😡😩"
"1";"77";"1";"1761557280583534";"data";"data.*";"fetched (200)";"2023-10-01 16:09:42.113446";"Facebook:/<comment-id>/comments";"";"Nayla Yulisa LlallahuiGómez lo esperamos tanto :( qué triste"
"1";"78";"1";"1761557280583534";"data";"data.*";"fetched (200)";"2023-10-01 16:09:42.113446";"Facebook:/<comment-id>/comments";"";"Ratziel Vega la parte de Floricienta me dio ganas de etiquetar a Lucy 😂😂😂"
"1";"79";"1";"1761557280583534";"offcut";"";"fetched (200)";"2023-10-01 16:09:42.113446";"Facebook:/<comment-id>/comments";"";""
"1";"80";"1";"1761557280583534";"data";"data.*";"fetched (200)";"2023-10-01 16:09:42.498896";"Facebook:/<comment-id>/comments";"";"Flor De Maria Arbizu Romero mi polliiito , con la comida no se juega jajajaj"
"1";"81";"1";"1761557280583534";"data";"data.*";"fetched (200)";"2023-10-01 16:09:42.498896";"Facebook:/<comment-id>/comments";"";"Carlos Diaz Casas la pizza de papa John's en el cp :V"
"1";"82";"1";"1761557280583534";"data";"data.*";"fetched (200)";"2023-10-01 16:09:42.498896";"Facebook:/<comment-id>/comments";"";"Joao Castillo"
"1";"83";"1";"1761557280583534";"data";"data.*";"fetched (200)";"2023-10-01 16:09:42.498896";"Facebook:/<comment-id>/comments";"";"Daniela Fernandez"
"1";"84";"1";"1761557280583534";"data";"data.*";"fetched (200)";"2023-10-01 16:09:42.498896";"Facebook:/<comment-id>/comments";"";"Renatta Chauca Costa JAJAJAJAJAJJAJAJAJAJAJAJAJAJAJAJAJJAJAJAJAJA ... como esa vez que pedimos pizza y llegaron 4 😂😂😂😂"
"1";"85";"1";"1761557280583534";"data";"data.*";"fetched (200)";"2023-10-01 16:09:42.498896";"Facebook:/<comment-id>/comments";"";"Thalia Bravo Mata esa no eres tu pidiendo tu pollo 😂"
"1";"86";"1";"1761557280583534";"data";"data.*";"fetched (200)";"2023-10-01 16:09:42.498896";"Facebook:/<comment-id>/comments";"";"Karen Karol domingo de pollitooooo 😆"
"1";"87";"1";"1761557280583534";"data";"data.*";"fetched (200)";"2023-10-01 16:09:42.498896";"Facebook:/<comment-id>/comments";"";"Guillermo Muñoz Lazo no lo solucionó así 😂😂😂 verdad? Manuela Alejandra Zarate Vasquez Belén Guzmán Melgar Camila Diaz Cárdenas"
"1";"88";"1";"1761557280583534";"data";"data.*";"fetched (200)";"2023-10-01 16:09:42.498896";"Facebook:/<comment-id>/comments";"";"KiKe pero tu le gritas y llega... en 85 minutos :P"
"1";"89";"1";"1761557280583534";"data";"data.*";"fetched (200)";"2023-10-01 16:09:42.498896";"Facebook:/<comment-id>/comments";"";"Claudia así me veía yo cuando esperaba mí pollo"
"1";"90";"1";"1761557280583534";"data";"data.*";"fetched (200)";"2023-10-01 16:09:42.498896";"Facebook:/<comment-id>/comments";"";"Eduardo el delivery ni siquiera llega hasta aca 😂🤦🏼‍♀️"
"1";"91";"1";"1761557280583534";"data";"data.*";"fetched (200)";"2023-10-01 16:09:42.498896";"Facebook:/<comment-id>/comments";"";"Ya Jorge te tenía que etiquetar acá xd"
"1";"92";"1";"1761557280583534";"data";"data.*";"fetched (200)";"2023-10-01 16:09:42.498896";"Facebook:/<comment-id>/comments";"";"YuriJAJAJAJAJA ese día"
"1";"93";"1";"1761557280583534";"data";"data.*";"fetched (200)";"2023-10-01 16:09:42.498896";"Facebook:/<comment-id>/comments";"";"Jean te acuerdas de la pizza que nunca llegó 🤣😭😭😭😭😭"
"1";"94";"1";"1761557280583534";"data";"data.*";"fetched (200)";"2023-10-01 16:09:42.498896";"Facebook:/<comment-id>/comments";"";"Mayra jajaja con la comida no se juega xd"
"1";"95";"1";"1761557280583534";"data";"data.*";"fetched (200)";"2023-10-01 16:09:42.498896";"Facebook:/<comment-id>/comments";"";"Erick , el pollito nunca llegó 😂😂"
"1";"96";"1";"1761557280583534";"data";"data.*";"fetched (200)";"2023-10-01 16:09:42.498896";"Facebook:/<comment-id>/comments";"";"Manolo Montero jajajajajajajajajajajajajajajajajaja amor... tu pollito!"
"1";"97";"1";"1761557280583534";"data";"data.*";"fetched (200)";"2023-10-01 16:09:42.498896";"Facebook:/<comment-id>/comments";"";"JairoGarces rockys de mierda 2 hora esperando"
"1";"98";"1";"1761557280583534";"data";"data.*";"fetched (200)";"2023-10-01 16:09:42.498896";"Facebook:/<comment-id>/comments";"";"Miri 😂😂😂 con mi comida no te metas!! 😅"
"1";"99";"1";"1761557280583534";"data";"data.*";"fetched (200)";"2023-10-01 16:09:42.498896";"Facebook:/<comment-id>/comments";"";"Esa eres tú cuando pedimos pollo Yesenia ja ja"
"1";"100";"1";"1761557280583534";"data";"data.*";"fetched (200)";"2023-10-01 16:09:42.498896";"Facebook:/<comment-id>/comments";"";"Uy a Amelia Supo le gusta los ""domingos de pollito"""
"1";"101";"1";"1761557280583534";"data";"data.*";"fetched (200)";"2023-10-01 16:09:42.498896";"Facebook:/<comment-id>/comments";"";"Melanie cuando no llegaba la pizza"
"1";"102";"1";"1761557280583534";"data";"data.*";"fetched (200)";"2023-10-01 16:09:42.498896";"Facebook:/<comment-id>/comments";"";"Xiomy, el pollito nunca llegó... 😂😂😂"
"1";"103";"1";"1761557280583534";"data";"data.*";"fetched (200)";"2023-10-01 16:09:42.498896";"Facebook:/<comment-id>/comments";"";"Jhon qué feo tu corazóooon 💔"
"1";"104";"1";"1761557280583534";"data";"data.*";"fetched (200)";"2023-10-01 16:09:42.498896";"Facebook:/<comment-id>/comments";"";"Mafer el bembos gratis jajajajaja"
"1";"105";"1";"1761557280583534";"offcut";"";"fetched (200)";"2023-10-01 16:09:42.498896";"Facebook:/<comment-id>/comments";"";""
"1";"106";"1";"1761557280583534";"data";"data.*";"fetched (200)";"2023-10-01 16:09:42.930670";"Facebook:/<comment-id>/comments";"";"Geraldiine   Paola el pollito we Siempre se demora xddd"
"1";"107";"1";"1761557280583534";"data";"data.*";"fetched (200)";"2023-10-01 16:09:42.930670";"Facebook:/<comment-id>/comments";"";"Johan Bejar el día del kfc de mrd"
"1";"108";"1";"1761557280583534";"data";"data.*";"fetched (200)";"2023-10-01 16:09:42.930670";"Facebook:/<comment-id>/comments";"";"CUANDO NO LLEGO LA PIZZA PTMMM Andrea Paz Soldan"
"1";"109";"1";"1761557280583534";"data";"data.*";"fetched (200)";"2023-10-01 16:09:42.930670";"Facebook:/<comment-id>/comments";"";"Jessica JAJAJAJAJAJAJAJAJAJAJA morí JAJAJAJAJA"
"1";"110";"1";"1761557280583534";"data";"data.*";"fetched (200)";"2023-10-01 16:09:42.930670";"Facebook:/<comment-id>/comments";"";"Alejandra Ortiz pero no vino nunca no llegó 😭"
"1";"111";"1";"1761557280583534";"data";"data.*";"fetched (200)";"2023-10-01 16:09:42.930670";"Facebook:/<comment-id>/comments";"";"Eleana Perales la pizza nunca llegó"
"1";"112";"1";"1761557280583534";"data";"data.*";"fetched (200)";"2023-10-01 16:09:42.930670";"Facebook:/<comment-id>/comments";"";"Diego el mio si llegó"
"1";"113";"1";"1761557280583534";"data";"data.*";"fetched (200)";"2023-10-01 16:09:42.930670";"Facebook:/<comment-id>/comments";"";"Haydee Acuña lo tuyo no fue el pollito No me odies"
"1";"114";"1";"1761557280583534";"data";"data.*";"fetched (200)";"2023-10-01 16:09:42.930670";"Facebook:/<comment-id>/comments";"";"Cinthya Cardenas cuando no llegó una vez tu comida 😢"
"1";"115";"1";"1761557280583534";"data";"data.*";"fetched (200)";"2023-10-01 16:09:42.930670";"Facebook:/<comment-id>/comments";"";"Ivo Luis yo cuando no llega el pollito"
"1";"116";"1";"1761557280583534";"data";"data.*";"fetched (200)";"2023-10-01 16:09:42.930670";"Facebook:/<comment-id>/comments";"";"Majo Salazar ese sentimiento cc no hay prego"
"1";"117";"1";"1761557280583534";"data";"data.*";"fetched (200)";"2023-10-01 16:09:42.930670";"Facebook:/<comment-id>/comments";"";"tbt a ese 1/4 de pollo 10 que no llego nunca 😂😂😂😂 Sebastian Klein"
"1";"118";"1";"1761557280583534";"data";"data.*";"fetched (200)";"2023-10-01 16:09:42.930670";"Facebook:/<comment-id>/comments";"";"Juan Miguel me siento muy identificada"
"1";"119";"1";"1761557280583534";"data";"data.*";"fetched (200)";"2023-10-01 16:09:42.930670";"Facebook:/<comment-id>/comments";"";"NikolleMariale me acorde de pollos el llanero 😂😂😂"
"1";"120";"1";"1761557280583534";"data";"data.*";"fetched (200)";"2023-10-01 16:09:42.930670";"Facebook:/<comment-id>/comments";"";"Percy el chifa tmr"
"1";"121";"1";"1761557280583534";"data";"data.*";"fetched (200)";"2023-10-01 16:09:42.930670";"Facebook:/<comment-id>/comments";"";"Martin Pita hahahhaa siempre el pollito :)"
"1";"122";"1";"1761557280583534";"data";"data.*";"fetched (200)";"2023-10-01 16:09:42.930670";"Facebook:/<comment-id>/comments";"";"Renzo Giovanni Joyo Jajajajaj por suerte hoy si llego 😹"
"1";"123";"1";"1761557280583534";"data";"data.*";"fetched (200)";"2023-10-01 16:09:42.930670";"Facebook:/<comment-id>/comments";"";"Señores de la comida chatarra, se les viene la denuncia por tardanza :v"
"1";"124";"1";"1761557280583534";"data";"data.*";"fetched (200)";"2023-10-01 16:09:42.930670";"Facebook:/<comment-id>/comments";"";"Emily G. Matiascuando demora el delivery jajajaja"
"1";"125";"1";"1761557280583534";"data";"data.*";"fetched (200)";"2023-10-01 16:09:42.930670";"Facebook:/<comment-id>/comments";"";"Kenny Romero cuando se demoró la pizza 🙈😂😂🐷"
"1";"126";"1";"1761557280583534";"data";"data.*";"fetched (200)";"2023-10-01 16:09:42.930670";"Facebook:/<comment-id>/comments";"";"Greicy el ketchup"
"1";"127";"1";"1761557280583534";"data";"data.*";"fetched (200)";"2023-10-01 16:09:42.930670";"Facebook:/<comment-id>/comments";"";"Leydi Ramos jajajajaja dramatica 🤔😂"
"1";"128";"1";"1761557280583534";"data";"data.*";"fetched (200)";"2023-10-01 16:09:42.930670";"Facebook:/<comment-id>/comments";"";"Andy Ortiz domingo de pollito 🐷❤"
"1";"129";"1";"1761557280583534";"data";"data.*";"fetched (200)";"2023-10-01 16:09:42.930670";"Facebook:/<comment-id>/comments";"";"Ana jajajajaja"
"1";"130";"1";"1761557280583534";"data";"data.*";"fetched (200)";"2023-10-01 16:09:42.930670";"Facebook:/<comment-id>/comments";"";"Brian Calluchi así de dramática soy"
"1";"131";"1";"1761557280583534";"offcut";"";"fetched (200)";"2023-10-01 16:09:42.930670";"Facebook:/<comment-id>/comments";"";""
"1";"132";"1";"1761557280583534";"data";"data.*";"fetched (200)";"2023-10-01 16:09:43.953912";"Facebook:/<comment-id>/comments";"";"Melissa Monzón Licera pero no vino nunca no llegó :'("
"1";"133";"1";"1761557280583534";"data";"data.*";"fetched (200)";"2023-10-01 16:09:43.953912";"Facebook:/<comment-id>/comments";"";"Nadia Hearts  rubia cuando  somos pollito 🐣 😉"
"1";"134";"1";"1761557280583534";"data";"data.*";"fetched (200)";"2023-10-01 16:09:43.953912";"Facebook:/<comment-id>/comments";"";"jajajaj Annie Vega Foelsche con todas las cremas"
"1";"135";"1";"1761557280583534";"data";"data.*";"fetched (200)";"2023-10-01 16:09:43.953912";"Facebook:/<comment-id>/comments";"";"Marcos xd recuerdas? 😂😂"
"1";"136";"1";"1761557280583534";"data";"data.*";"fetched (200)";"2023-10-01 16:09:43.953912";"Facebook:/<comment-id>/comments";"";"Estefano Sovero cuando pedi mi pollito 😞"
"1";"137";"1";"1761557280583534";"data";"data.*";"fetched (200)";"2023-10-01 16:09:43.953912";"Facebook:/<comment-id>/comments";"";"Luis Alcocer la pizza que aún esperamos.."
"1";"138";"1";"1761557280583534";"data";"data.*";"fetched (200)";"2023-10-01 16:09:43.953912";"Facebook:/<comment-id>/comments";"";"Lisbeth Rojas cuando tarda en llegar  PARDOS  🤣"
"1";"139";"1";"1761557280583534";"data";"data.*";"fetched (200)";"2023-10-01 16:09:43.953912";"Facebook:/<comment-id>/comments";"";"Diego Moscoso como tu pizza que nunca llego"
"1";"140";"1";"1761557280583534";"data";"data.*";"fetched (200)";"2023-10-01 16:09:43.953912";"Facebook:/<comment-id>/comments";"";"Corina Taco que triste oye 😭😭😭😭"
"1";"141";"1";"1761557280583534";"data";"data.*";"fetched (200)";"2023-10-01 16:09:43.953912";"Facebook:/<comment-id>/comments";"";"Arnold Esquiagola tu ytu pollo a la brasa jajjaaja"
"1";"142";"1";"1761557280583534";"data";"data.*";"fetched (200)";"2023-10-01 16:09:43.953912";"Facebook:/<comment-id>/comments";"";"Sebastián Álvarez HOY ESPERANDO MI CHIFA 😭😭😭😭"
"1";"143";"1";"1761557280583534";"data";"data.*";"fetched (200)";"2023-10-01 16:09:43.953912";"Facebook:/<comment-id>/comments";"";"Cosette 😂😂😂😂😂😂😂 yoo"
"1";"144";"1";"1761557280583534";"data";"data.*";"fetched (200)";"2023-10-01 16:09:43.953912";"Facebook:/<comment-id>/comments";"";"Jajajajajajaajjaajajajaja xdddddddddddd se como se siente 😢😢😢😂😂😂😂"
"1";"145";"1";"1761557280583534";"data";"data.*";"fetched (200)";"2023-10-01 16:09:43.953912";"Facebook:/<comment-id>/comments";"";"Muriel Novoa Vega sea pizzita q nunca llego"
"1";"146";"1";"1761557280583534";"data";"data.*";"fetched (200)";"2023-10-01 16:09:43.953912";"Facebook:/<comment-id>/comments";"";"Bren Paz jajajajajaja"
"1";"147";"1";"1761557280583534";"data";"data.*";"fetched (200)";"2023-10-01 16:09:43.953912";"Facebook:/<comment-id>/comments";"";"Patricia Camargo tus pedidas de pollo csm"
"1";"148";"1";"1761557280583534";"data";"data.*";"fetched (200)";"2023-10-01 16:09:43.953912";"Facebook:/<comment-id>/comments";"";"Fiorella yo esperando a las canastas :("
"1";"149";"1";"1761557280583534";"data";"data.*";"fetched (200)";"2023-10-01 16:09:43.953912";"Facebook:/<comment-id>/comments";"";"Ashley P Cortez mi pollito 😥😂jajajjaja"
"1";"150";"1";"1761557280583534";"data";"data.*";"fetched (200)";"2023-10-01 16:09:43.953912";"Facebook:/<comment-id>/comments";"";"Leydi Guevara mi pollito nunca llegp"
"1";"151";"1";"1761557280583534";"data";"data.*";"fetched (200)";"2023-10-01 16:09:43.953912";"Facebook:/<comment-id>/comments";"";"Lady Reategui Sobenes  jjajajajajjajajajajajajajajajajaja"
"1";"152";"1";"1761557280583534";"data";"data.*";"fetched (200)";"2023-10-01 16:09:43.953912";"Facebook:/<comment-id>/comments";"";"Katherine Garcia con la comida no se juega"
"1";"153";"1";"1761557280583534";"data";"data.*";"fetched (200)";"2023-10-01 16:09:43.953912";"Facebook:/<comment-id>/comments";"";"Victor nuestro caso 😥"
"1";"154";"1";"1761557280583534";"data";"data.*";"fetched (200)";"2023-10-01 16:09:43.953912";"Facebook:/<comment-id>/comments";"";"Jaja Katerin domingo de pollito a la braza 😂👀🐣"
"1";"155";"1";"1761557280583534";"data";"data.*";"fetched (200)";"2023-10-01 16:09:43.953912";"Facebook:/<comment-id>/comments";"";"No con eso no se juega  ."
"1";"156";"1";"1761557280583534";"data";"data.*";"fetched (200)";"2023-10-01 16:09:43.953912";"Facebook:/<comment-id>/comments";"";"Julio nunca llega mi pollito, te pasas:("
"1";"157";"1";"1761557280583534";"offcut";"";"fetched (200)";"2023-10-01 16:09:43.953912";"Facebook:/<comment-id>/comments";"";""
"1";"158";"1";"1761557280583534";"data";"data.*";"fetched (200)";"2023-10-01 16:09:44.332062";"Facebook:/<comment-id>/comments";"";"Menos mal que no me ha pasado csm xd"
"1";"159";"1";"1761557280583534";"data";"data.*";"fetched (200)";"2023-10-01 16:09:44.332062";"Facebook:/<comment-id>/comments";"";"Joel tu pollo de 1 hora y media JajJajaja 😂🙌🏼"
"1";"160";"1";"1761557280583534";"data";"data.*";"fetched (200)";"2023-10-01 16:09:44.332062";"Facebook:/<comment-id>/comments";"";"Pvta kh3 sad :'v"
"1";"161";"1";"1761557280583534";"data";"data.*";"fetched (200)";"2023-10-01 16:09:44.332062";"Facebook:/<comment-id>/comments";"";"Omar hartisisisisisisimo ketchup"
"1";"162";"1";"1761557280583534";"data";"data.*";"fetched (200)";"2023-10-01 16:09:44.332062";"Facebook:/<comment-id>/comments";"";"Con la comida nooooo 😢"
"1";"163";"1";"1761557280583534";"data";"data.*";"fetched (200)";"2023-10-01 16:09:44.332062";"Facebook:/<comment-id>/comments";"";"C fue con otro :'v"
"1";"164";"1";"1761557280583534";"data";"data.*";"fetched (200)";"2023-10-01 16:09:44.332062";"Facebook:/<comment-id>/comments";"";"Cielo Silva JAJAJAJA cuando tu pollo no llega"
"1";"165";"1";"1761557280583534";"data";"data.*";"fetched (200)";"2023-10-01 16:09:44.332062";"Facebook:/<comment-id>/comments";"";"Con el pollito no se juega 💔"
"1";"166";"1";"1761557280583534";"data";"data.*";"fetched (200)";"2023-10-01 16:09:44.332062";"Facebook:/<comment-id>/comments";"";"Miércoles también me pasó 😭"
"1";"167";"1";"1761557280583534";"data";"data.*";"fetched (200)";"2023-10-01 16:09:44.332062";"Facebook:/<comment-id>/comments";"";"JAJAJAJA AY YO ME MUERO"
"1";"168";"1";"1761557280583534";"data";"data.*";"fetched (200)";"2023-10-01 16:09:44.332062";"Facebook:/<comment-id>/comments";"";"Ahi falto olluquito  🐶"
"1";"169";"1";"1761557280583534";"data";"data.*";"fetched (200)";"2023-10-01 16:09:44.332062";"Facebook:/<comment-id>/comments";"";"alguna vez me paso 😭😭"
"1";"170";"1";"1761557280583534";"data";"data.*";"fetched (200)";"2023-10-01 16:09:44.332062";"Facebook:/<comment-id>/comments";"";"Alvaro alguna vez te ha pasado? 😂😂😂❤"
"1";"171";"1";"1761557280583534";"data";"data.*";"fetched (200)";"2023-10-01 16:09:44.332062";"Facebook:/<comment-id>/comments";"";"JAJAJAJAJAAJJAJAJAJA que buena!!!"
"1";"172";"1";"1761557280583534";"data";"data.*";"fetched (200)";"2023-10-01 16:09:44.332062";"Facebook:/<comment-id>/comments";"";"Maldito limadelivery"
"1";"173";"1";"1761557280583534";"data";"data.*";"fetched (200)";"2023-10-01 16:09:44.332062";"Facebook:/<comment-id>/comments";"";"El vestido te queda hermoso"
"1";"174";"1";"1761557280583534";"data";"data.*";"fetched (200)";"2023-10-01 16:09:44.332062";"Facebook:/<comment-id>/comments";"";"Segundo Garcia a ti te plantaron y yo me quedo sin pollito xddd"
"1";"175";"1";"1761557280583534";"data";"data.*";"fetched (200)";"2023-10-01 16:09:44.332062";"Facebook:/<comment-id>/comments";"";"Jjaaj"
"1";"176";"1";"1761557280583534";"data";"data.*";"fetched (200)";"2023-10-01 16:09:44.332062";"Facebook:/<comment-id>/comments";"";"Literal"
"1";"177";"1";"1761557280583534";"data";"data.*";"fetched (200)";"2023-10-01 16:09:44.332062";"Facebook:/<comment-id>/comments";"";"Silvia Franco y justo hoy domingo de pollito!!! :("
"1";"178";"1";"1761557280583534";"data";"data.*";"fetched (200)";"2023-10-01 16:09:44.332062";"Facebook:/<comment-id>/comments";"";"Gabriel viernes de pollito"
"1";"179";"1";"1761557280583534";"data";"data.*";"fetched (200)";"2023-10-01 16:09:44.332062";"Facebook:/<comment-id>/comments";"";"A pero cuando quieres hacer dieta... #pollitoplop"
"1";"180";"1";"1761557280583534";"data";"data.*";"fetched (200)";"2023-10-01 16:09:44.332062";"Facebook:/<comment-id>/comments";"";"Tal cual😂"
"1";"181";"1";"1761557280583534";"data";"data.*";"fetched (200)";"2023-10-01 16:09:44.332062";"Facebook:/<comment-id>/comments";"";"Nos dejaron plantados 💔"
"1";"182";"1";"1761557280583534";"data";"data.*";"fetched (200)";"2023-10-01 16:09:44.332062";"Facebook:/<comment-id>/comments";"";"eso es en el parque de la pera??"
"1";"183";"1";"1761557280583534";"offcut";"";"fetched (200)";"2023-10-01 16:09:44.332062";"Facebook:/<comment-id>/comments";"";""
"1";"184";"1";"1761557280583534";"data";"data.*";"fetched (200)";"2023-10-01 16:09:44.705468";"Facebook:/<comment-id>/comments";"";"una triste historia :("
"1";"185";"1";"1761557280583534";"data";"data.*";"fetched (200)";"2023-10-01 16:09:44.705468";"Facebook:/<comment-id>/comments";"";"Evelyn Torres yo ayer cuando se demoraron una hora"
"1";"186";"1";"1761557280583534";"data";"data.*";"fetched (200)";"2023-10-01 16:09:44.705468";"Facebook:/<comment-id>/comments";"";"Arais Saenz tu pollito jajajajjaja"
"1";"187";"1";"1761557280583534";"data";"data.*";"fetched (200)";"2023-10-01 16:09:44.705468";"Facebook:/<comment-id>/comments";"";"María Jose Ruiz us controlando al de la pizza"
"1";"188";"1";"1761557280583534";"data";"data.*";"fetched (200)";"2023-10-01 16:09:44.705468";"Facebook:/<comment-id>/comments";"";"Jose Domingo de pollito"
"1";"189";"1";"1761557280583534";"data";"data.*";"fetched (200)";"2023-10-01 16:09:44.705468";"Facebook:/<comment-id>/comments";"";"Me paso:)"
"1";"190";"1";"1761557280583534";"data";"data.*";"fetched (200)";"2023-10-01 16:09:44.705468";"Facebook:/<comment-id>/comments";"";"Cynthia Alexandra estoy con el corazón partido"
"1";"191";"1";"1761557280583534";"data";"data.*";"fetched (200)";"2023-10-01 16:09:44.705468";"Facebook:/<comment-id>/comments";"";"Fiorella  cuando Pardos no llega 😢"
"1";"192";"1";"1761557280583534";"data";"data.*";"fetched (200)";"2023-10-01 16:09:44.705468";"Facebook:/<comment-id>/comments";"";"Juan Arellano cuando no llega el delivery"
"1";"193";"1";"1761557280583534";"data";"data.*";"fetched (200)";"2023-10-01 16:09:44.705468";"Facebook:/<comment-id>/comments";"";"Jajaja Christian nosotros pidiendo pizza xd"
"1";"194";"1";"1761557280583534";"data";"data.*";"fetched (200)";"2023-10-01 16:09:44.705468";"Facebook:/<comment-id>/comments";"";"Angelo Boyer Apolo mi miércoles de pollito nunca llego 😭😭😭😭😭"
"1";"195";"1";"1761557280583534";"data";"data.*";"fetched (200)";"2023-10-01 16:09:44.705468";"Facebook:/<comment-id>/comments";"";"Majo porque amo el ketchup"
"1";"196";"1";"1761557280583534";"data";"data.*";"fetched (200)";"2023-10-01 16:09:44.705468";"Facebook:/<comment-id>/comments";"";"Saira cuando la pizza nunca llegó 😂😂😂"
"1";"197";"1";"1761557280583534";"data";"data.*";"fetched (200)";"2023-10-01 16:09:44.705468";"Facebook:/<comment-id>/comments";"";"Juan Fran cuando el trago no llego 😭"
"1";"198";"1";"1761557280583534";"data";"data.*";"fetched (200)";"2023-10-01 16:09:44.705468";"Facebook:/<comment-id>/comments";"";"Karla M. Montero nose pero me acorde de ti"
"1";"199";"1";"1761557280583534";"data";"data.*";"fetched (200)";"2023-10-01 16:09:44.705468";"Facebook:/<comment-id>/comments";"";"Diana nunca tanto !! 🤣"
"1";"200";"1";"1761557280583534";"data";"data.*";"fetched (200)";"2023-10-01 16:09:44.705468";"Facebook:/<comment-id>/comments";"";"Wendy Escurra quiero domingo de pollito 😞"
"1";"201";"1";"1761557280583534";"data";"data.*";"fetched (200)";"2023-10-01 16:09:44.705468";"Facebook:/<comment-id>/comments";"";"Diana, Magda JAJAJAJA pinches delivery’s"
"1";"202";"1";"1761557280583534";"data";"data.*";"fetched (200)";"2023-10-01 16:09:44.705468";"Facebook:/<comment-id>/comments";"";"Ericka sentido pésame"
"1";"203";"1";"1761557280583534";"data";"data.*";"fetched (200)";"2023-10-01 16:09:44.705468";"Facebook:/<comment-id>/comments";"";"Veronica Dulanto nosotras esperando el delivery 😂"
"1";"204";"1";"1761557280583534";"data";"data.*";"fetched (200)";"2023-10-01 16:09:44.705468";"Facebook:/<comment-id>/comments";"";"Daniela Llanos 😭 asi sufrirías yo lo se."
"1";"205";"1";"1761557280583534";"data";"data.*";"fetched (200)";"2023-10-01 16:09:44.705468";"Facebook:/<comment-id>/comments";"";"la canción AJAJAJAJA Vivian Quispe"
"1";"206";"1";"1761557280583534";"data";"data.*";"fetched (200)";"2023-10-01 16:09:44.705468";"Facebook:/<comment-id>/comments";"";"Efrain Don Tito 💔"
"1";"207";"1";"1761557280583534";"data";"data.*";"fetched (200)";"2023-10-01 16:09:44.705468";"Facebook:/<comment-id>/comments";"";"Malu Alburqueque cc espero el pollo Ajajaja"
"1";"208";"1";"1761557280583534";"data";"data.*";"fetched (200)";"2023-10-01 16:09:44.705468";"Facebook:/<comment-id>/comments";"";"jajajajaj mejor anda a comprar"
"1";"209";"1";"1761557280583534";"offcut";"";"fetched (200)";"2023-10-01 16:09:44.705468";"Facebook:/<comment-id>/comments";"";""
"1";"210";"1";"1761557280583534";"data";"data.*";"fetched (200)";"2023-10-01 16:09:45.081019";"Facebook:/<comment-id>/comments";"";"Abraham Cuya el pollito no llego"
"1";"211";"1";"1761557280583534";"data";"data.*";"fetched (200)";"2023-10-01 16:09:45.081019";"Facebook:/<comment-id>/comments";"";"Ama el ketchup Mario Vargas, me caso"
"1";"212";"1";"1761557280583534";"data";"data.*";"fetched (200)";"2023-10-01 16:09:45.081019";"Facebook:/<comment-id>/comments";"";"Jajaja"
"1";"213";"1";"1761557280583534";"data";"data.*";"fetched (200)";"2023-10-01 16:09:45.081019";"Facebook:/<comment-id>/comments";"";"Key Mantilla cuando yo pido delivery :’v"
"1";"214";"1";"1761557280583534";"data";"data.*";"fetched (200)";"2023-10-01 16:09:45.081019";"Facebook:/<comment-id>/comments";"";"Liseth Cabrera Hoyos q triste tu historia jejejejeje :3"
"1";"215";"1";"1761557280583534";"data";"data.*";"fetched (200)";"2023-10-01 16:09:45.081019";"Facebook:/<comment-id>/comments";"";"Ariana Romero esa vez que esperamos 2 horas ..."
"1";"216";"1";"1761557280583534";"data";"data.*";"fetched (200)";"2023-10-01 16:09:45.081019";"Facebook:/<comment-id>/comments";"";"Vero Loarte el KFC con tu mami"
"1";"217";"1";"1761557280583534";"data";"data.*";"fetched (200)";"2023-10-01 16:09:45.081019";"Facebook:/<comment-id>/comments";"";"Gonzalo eso paso con la pizza 😢"
"1";"218";"1";"1761557280583534";"data";"data.*";"fetched (200)";"2023-10-01 16:09:45.081019";"Facebook:/<comment-id>/comments";"";"Que lindaaaaa"
"1";"219";"1";"1761557280583534";"data";"data.*";"fetched (200)";"2023-10-01 16:09:45.081019";"Facebook:/<comment-id>/comments";"";"Atenas BL nosotras pidiendo pardos"
"1";"220";"1";"1761557280583534";"data";"data.*";"fetched (200)";"2023-10-01 16:09:45.081019";"Facebook:/<comment-id>/comments";"";"Iván Vallenas es domigo de perritoooo!!!"
"1";"221";"1";"1761557280583534";"data";"data.*";"fetched (200)";"2023-10-01 16:09:45.081019";"Facebook:/<comment-id>/comments";"";"Isabella Barletti esa vez que pedimos makis 💔"
"1";"222";"1";"1761557280583534";"data";"data.*";"fetched (200)";"2023-10-01 16:09:45.081019";"Facebook:/<comment-id>/comments";"";"Cristhian Enciso y el no vino nunca, no shego 💔"
"1";"223";"1";"1761557280583534";"data";"data.*";"fetched (200)";"2023-10-01 16:09:45.081019";"Facebook:/<comment-id>/comments";"";"Diego la pizza!!!!"
"1";"224";"1";"1761557280583534";"data";"data.*";"fetched (200)";"2023-10-01 16:09:45.081019";"Facebook:/<comment-id>/comments";"";"Angela Penas c quedaron con las ganas :v"
"1";"225";"1";"1761557280583534";"data";"data.*";"fetched (200)";"2023-10-01 16:09:45.081019";"Facebook:/<comment-id>/comments";"";"Maren la lasagna !!!"
"1";"226";"1";"1761557280583534";"data";"data.*";"fetched (200)";"2023-10-01 16:09:45.081019";"Facebook:/<comment-id>/comments";"";"Andrea Acevedo cuando pide su pollito 🐥"
"1";"227";"1";"1761557280583534";"data";"data.*";"fetched (200)";"2023-10-01 16:09:45.081019";"Facebook:/<comment-id>/comments";"";"Valeria Campodonico Jajajajajajajajajjaa PERO NO VINO NUNCA NO LLEGOOOOO JAJAJAJAJAJAJAJAJAJAJJAJAJAJAJAJAA"
"1";"228";"1";"1761557280583534";"data";"data.*";"fetched (200)";"2023-10-01 16:09:45.081019";"Facebook:/<comment-id>/comments";"";"Sebastian Chiang con popeyes, dos horas 😰"
"1";"229";"1";"1761557280583534";"data";"data.*";"fetched (200)";"2023-10-01 16:09:45.081019";"Facebook:/<comment-id>/comments";"";"Renato Nuñez mi vestido azul 😢😂😂"
"1";"230";"1";"1761557280583534";"data";"data.*";"fetched (200)";"2023-10-01 16:09:45.081019";"Facebook:/<comment-id>/comments";"";"Nicole Cervantes mi pizza no llego 😂😂😂😂😂😂😂"
"1";"231";"1";"1761557280583534";"data";"data.*";"fetched (200)";"2023-10-01 16:09:45.081019";"Facebook:/<comment-id>/comments";"";"Estefany jajajjaja ptmr"
"1";"232";"1";"1761557280583534";"data";"data.*";"fetched (200)";"2023-10-01 16:09:45.081019";"Facebook:/<comment-id>/comments";"";"JAJAJA Ximena Cartolin domingos de pollito"
"1";"233";"1";"1761557280583534";"data";"data.*";"fetched (200)";"2023-10-01 16:09:45.081019";"Facebook:/<comment-id>/comments";"";"Lim Phun pero no vino nunca no shego"
"1";"234";"1";"1761557280583534";"data";"data.*";"fetched (200)";"2023-10-01 16:09:45.081019";"Facebook:/<comment-id>/comments";"";"Emili mucho ketchup"
"1";"235";"1";"1761557280583534";"offcut";"";"fetched (200)";"2023-10-01 16:09:45.081019";"Facebook:/<comment-id>/comments";"";""
"1";"236";"1";"1761557280583534";"data";"data.*";"fetched (200)";"2023-10-01 16:09:45.479109";"Facebook:/<comment-id>/comments";"";"Jorge Iberico el pollito nunca llegó 😂"
"1";"237";"1";"1761557280583534";"data";"data.*";"fetched (200)";"2023-10-01 16:09:45.479109";"Facebook:/<comment-id>/comments";"";"Mar OV giordiii"
"1";"238";"1";"1761557280583534";"data";"data.*";"fetched (200)";"2023-10-01 16:09:45.479109";"Facebook:/<comment-id>/comments";"";"Zelmira Pinazzo jajajaja nosotras primita"
"1";"239";"1";"1761557280583534";"data";"data.*";"fetched (200)";"2023-10-01 16:09:45.479109";"Facebook:/<comment-id>/comments";"";"Maria Angela Arias en Huancayo jajajaja los delivery"
"1";"240";"1";"1761557280583534";"data";"data.*";"fetched (200)";"2023-10-01 16:09:45.479109";"Facebook:/<comment-id>/comments";"";"Vale"
"1";"241";"1";"1761557280583534";"data";"data.*";"fetched (200)";"2023-10-01 16:09:45.479109";"Facebook:/<comment-id>/comments";"";"Maria Fe Raffo jajajajaj tu pollo de Wong"
"1";"242";"1";"1761557280583534";"data";"data.*";"fetched (200)";"2023-10-01 16:09:45.479109";"Facebook:/<comment-id>/comments";"";"Gianell Chávez con la comida no se juega :("
"1";"243";"1";"1761557280583534";"data";"data.*";"fetched (200)";"2023-10-01 16:09:45.479109";"Facebook:/<comment-id>/comments";"";"Bianca Solar la fucking pizza 🙂"
"1";"244";"1";"1761557280583534";"data";"data.*";"fetched (200)";"2023-10-01 16:09:45.479109";"Facebook:/<comment-id>/comments";"";"jajaja Luis Olivera Diaz con pizzas y Makis tambien 🙈"
"1";"245";"1";"1761557280583534";"data";"data.*";"fetched (200)";"2023-10-01 16:09:45.479109";"Facebook:/<comment-id>/comments";"";"JAJAJAJAJAJAJAJAAJA PTM Nuestro sufrimiento máximo en estos momentos de nuestras vidas 😢😢😢 Itala Seminario"
"1";"246";"1";"1761557280583534";"data";"data.*";"fetched (200)";"2023-10-01 16:09:45.479109";"Facebook:/<comment-id>/comments";"";"Tu diras"
"1";"247";"1";"1761557280583534";"data";"data.*";"fetched (200)";"2023-10-01 16:09:45.479109";"Facebook:/<comment-id>/comments";"";"Giuliana Quiroz kfc nunca llego :'( jajjja"
"1";"248";"1";"1761557280583534";"data";"data.*";"fetched (200)";"2023-10-01 16:09:45.479109";"Facebook:/<comment-id>/comments";"";"Mercedes Ñahuero tu chifa tulipan que nunca llegó"
"1";"249";"1";"1761557280583534";"data";"data.*";"fetched (200)";"2023-10-01 16:09:45.479109";"Facebook:/<comment-id>/comments";"";"Betsie Lucia Mejia Ruiz Nosotras esperando LIMA DELIVERY"
"1";"250";"1";"1761557280583534";"data";"data.*";"fetched (200)";"2023-10-01 16:09:45.479109";"Facebook:/<comment-id>/comments";"";"jajajajajajajajajajajajajajaja"
"1";"251";"1";"1761557280583534";"data";"data.*";"fetched (200)";"2023-10-01 16:09:45.479109";"Facebook:/<comment-id>/comments";"";"Jajajaja Zarela Gamio cuando no llegaba 🤣"
"1";"252";"1";"1761557280583534";"data";"data.*";"fetched (200)";"2023-10-01 16:09:45.479109";"Facebook:/<comment-id>/comments";"";"JAJAJAJAJAJAJAJAJAJA"
"1";"253";"1";"1761557280583534";"data";"data.*";"fetched (200)";"2023-10-01 16:09:45.479109";"Facebook:/<comment-id>/comments";"";"Jajajajajajaja"
"1";"254";"1";"1761557280583534";"data";"data.*";"fetched (200)";"2023-10-01 16:09:45.479109";"Facebook:/<comment-id>/comments";"";"Mariana Mazzini Aitana Campins KFC... y papa johns que nunca llego  😞"
"1";"255";"1";"1761557280583534";"data";"data.*";"fetched (200)";"2023-10-01 16:09:45.479109";"Facebook:/<comment-id>/comments";"";"Alessia Isabella Moreno dms identificada con el ketchup"
"1";"256";"1";"1761557280583534";"data";"data.*";"fetched (200)";"2023-10-01 16:09:45.479109";"Facebook:/<comment-id>/comments";"";"JAJAJAJAJAJAJA a no que me falte todo menos mi pollito Malena Guarnizo Bellido Karen Guzman Cristal Cele Gianella D. del Rio"
"1";"257";"1";"1761557280583534";"data";"data.*";"fetched (200)";"2023-10-01 16:09:45.479109";"Facebook:/<comment-id>/comments";"";"Alejandra López Taboada con el pollito no se juega!!!"
"1";"258";"1";"1761557280583534";"data";"data.*";"fetched (200)";"2023-10-01 16:09:45.479109";"Facebook:/<comment-id>/comments";"";"Hahahahahaha"
"1";"259";"1";"1761557280583534";"data";"data.*";"fetched (200)";"2023-10-01 16:09:45.479109";"Facebook:/<comment-id>/comments";"";"Mirna Mabel Mendoza Salazar cuando nos estafa la Tomasaaa !!"
"1";"260";"1";"1761557280583534";"data";"data.*";"fetched (200)";"2023-10-01 16:09:45.479109";"Facebook:/<comment-id>/comments";"";"Valeria Sausa Terrazas Carla Rojas la salchipapa que llegó 5 am JAJAJAJ"
"1";"261";"1";"1761557280583534";"offcut";"";"fetched (200)";"2023-10-01 16:09:45.479109";"Facebook:/<comment-id>/comments";"";""
"1";"262";"1";"1761557280583534";"data";"data.*";"fetched (200)";"2023-10-01 16:09:46.412373";"Facebook:/<comment-id>/comments";"";"Sebastian Alarcon Castro yo esperando el delivery de mc donald’s 😂😂"
"1";"263";"1";"1761557280583534";"data";"data.*";"fetched (200)";"2023-10-01 16:09:46.412373";"Facebook:/<comment-id>/comments";"";"ValeRia HoAlv Zulma Sicha B tu canción! Ajajajajaja"
"1";"264";"1";"1761557280583534";"data";"data.*";"fetched (200)";"2023-10-01 16:09:46.412373";"Facebook:/<comment-id>/comments";"";"Grecia Silvana Apolaya Estrada me hizo recordar a ti por el FULL KETCHUP"
"1";"265";"1";"1761557280583534";"data";"data.*";"fetched (200)";"2023-10-01 16:09:46.412373";"Facebook:/<comment-id>/comments";"";"Mi drama cuando no llegaban los makis Sergio Jimenez Isabella Valdiviezo Nicolas Vasquez Cordova"
"1";"266";"1";"1761557280583534";"data";"data.*";"fetched (200)";"2023-10-01 16:09:46.412373";"Facebook:/<comment-id>/comments";"";"Hisami Nakandakare, Carlos Becerra Ramos nunca llego los makis"
"1";"267";"1";"1761557280583534";"data";"data.*";"fetched (200)";"2023-10-01 16:09:46.412373";"Facebook:/<comment-id>/comments";"";"Maria Fernanda Davis Morales en la casa de Nicole haciendo huelga por nuestro pie"
"1";"268";"1";"1761557280583534";"data";"data.*";"fetched (200)";"2023-10-01 16:09:46.412373";"Facebook:/<comment-id>/comments";"";"Milagros Sara Isabel Abigail Cangalaya Benjamin Peña sino llega vamos a el 🐥🐥"
"1";"269";"1";"1761557280583534";"data";"data.*";"fetched (200)";"2023-10-01 16:09:46.412373";"Facebook:/<comment-id>/comments";"";"Fiorella Ardiles Paredes Grecia Ardiles 30 minutos referenciales decian 😢"
"1";"270";"1";"1761557280583534";"data";"data.*";"fetched (200)";"2023-10-01 16:09:46.412373";"Facebook:/<comment-id>/comments";"";"Hoxanna Minoshka Calixto Chanca el pollito nunca llegó ):"
"1";"271";"1";"1761557280583534";"data";"data.*";"fetched (200)";"2023-10-01 16:09:46.412373";"Facebook:/<comment-id>/comments";"";"Lilian Cuellar yo sufriendo 😭😭😭😭😭"
"1";"272";"1";"1761557280583534";"data";"data.*";"fetched (200)";"2023-10-01 16:09:46.412373";"Facebook:/<comment-id>/comments";"";"Varinia Rojas Flavia Chávez Lydia Villacorta Aréstegui jiji los pollos del partido mil años 😭😭"
"1";"273";"1";"1761557280583534";"data";"data.*";"fetched (200)";"2023-10-01 16:09:46.412373";"Facebook:/<comment-id>/comments";"";"Camila Cubas Mori igualitaaaa.... Mario Rosales"
"1";"274";"1";"1761557280583534";"data";"data.*";"fetched (200)";"2023-10-01 16:09:46.412373";"Facebook:/<comment-id>/comments";"";"Claudia Minerva Rios Iturraran jajajajajaja me acordé del pollo 😂😂"
"1";"275";"1";"1761557280583534";"data";"data.*";"fetched (200)";"2023-10-01 16:09:46.412373";"Facebook:/<comment-id>/comments";"";"Pedro Jesús Léctor JAJAJAJAJJAJAJA EL KFC"
"1";"276";"1";"1761557280583534";"data";"data.*";"fetched (200)";"2023-10-01 16:09:46.412373";"Facebook:/<comment-id>/comments";"";"Richard Arroyo tu con tu pizza 🙂"
"1";"277";"1";"1761557280583534";"data";"data.*";"fetched (200)";"2023-10-01 16:09:46.412373";"Facebook:/<comment-id>/comments";"";"Sebastián Morán eso no es la Aurora?"
"1";"278";"1";"1761557280583534";"data";"data.*";"fetched (200)";"2023-10-01 16:09:46.412373";"Facebook:/<comment-id>/comments";"";"Valeria Davila mi vestido azul 😂"
"1";"279";"1";"1761557280583534";"data";"data.*";"fetched (200)";"2023-10-01 16:09:46.412373";"Facebook:/<comment-id>/comments";"";"Alonso Figueroa Carrion yo comí pollito JAJAJAJAJAJA"
"1";"280";"1";"1761557280583534";"data";"data.*";"fetched (200)";"2023-10-01 16:09:46.412373";"Facebook:/<comment-id>/comments";"";"Noelia Arteaga Alvarado Nhayely Veli Bisalaya Fabiola Perales Ariana Moreno Andrea Sotelo 😂♥️ toca pollitooo"
"1";"281";"1";"1761557280583534";"data";"data.*";"fetched (200)";"2023-10-01 16:09:46.412373";"Facebook:/<comment-id>/comments";"";"Karina Viton Castañeda jajajajaja hoy me pasó esto"
"1";"282";"1";"1761557280583534";"data";"data.*";"fetched (200)";"2023-10-01 16:09:46.412373";"Facebook:/<comment-id>/comments";"";"Pamela Vasquez Vasquez amor domingo de pollito!!!"
"1";"283";"1";"1761557280583534";"data";"data.*";"fetched (200)";"2023-10-01 16:09:46.412373";"Facebook:/<comment-id>/comments";"";"Jorge Garrido jajajaja tu caso"
"1";"284";"1";"1761557280583534";"data";"data.*";"fetched (200)";"2023-10-01 16:09:46.412373";"Facebook:/<comment-id>/comments";"";"Gisselle Huamaní JAJAJAJAJA QUE TANTO"
"1";"285";"1";"1761557280583534";"data";"data.*";"fetched (200)";"2023-10-01 16:09:46.412373";"Facebook:/<comment-id>/comments";"";"Nicole Romero Izquierdo , el pollito nunca llegó 😭😭😭"
"1";"286";"1";"1761557280583534";"data";"data.*";"fetched (200)";"2023-10-01 16:09:46.412373";"Facebook:/<comment-id>/comments";"";"Yolanda Alexandra Jhong Paucar imposible no acordarme de ti JAJAJAJAJAJ"
"1";"287";"1";"1761557280583534";"offcut";"";"fetched (200)";"2023-10-01 16:09:46.412373";"Facebook:/<comment-id>/comments";"";""
"1";"288";"1";"1761557280583534";"data";"data.*";"fetched (200)";"2023-10-01 16:09:46.923204";"Facebook:/<comment-id>/comments";"";"Giordano Garay JAJAJAJAJAJAJA"
"1";"289";"1";"1761557280583534";"data";"data.*";"fetched (200)";"2023-10-01 16:09:46.923204";"Facebook:/<comment-id>/comments";"";"Jose Andres Reinoso pollito 💔 mi muiiirooo"
"1";"290";"1";"1761557280583534";"data";"data.*";"fetched (200)";"2023-10-01 16:09:46.923204";"Facebook:/<comment-id>/comments";"";"Cristhian Saldivar Quiquia ese día del partido hahaha"
"1";"291";"1";"1761557280583534";"data";"data.*";"fetched (200)";"2023-10-01 16:09:46.923204";"Facebook:/<comment-id>/comments";"";"Yanira Ramirez tu milanesa 😂😂😂😂"
"1";"292";"1";"1761557280583534";"data";"data.*";"fetched (200)";"2023-10-01 16:09:46.923204";"Facebook:/<comment-id>/comments";"";"Jesy Guevara Santisteban recuerdo tu sushi 🍣 jajajaja"
"1";"293";"1";"1761557280583534";"data";"data.*";"fetched (200)";"2023-10-01 16:09:46.923204";"Facebook:/<comment-id>/comments";"";"Gonzalo Christopher Gabriel Ariana Quiroz BEMBOS Y LA CSM"
"1";"294";"1";"1761557280583534";"data";"data.*";"fetched (200)";"2023-10-01 16:09:46.923204";"Facebook:/<comment-id>/comments";"";"Jajajajajajajjajajajja Valeria Zavala Gamarra Carla Benavides Salas 30 minutoooood"
"1";"295";"1";"1761557280583534";"data";"data.*";"fetched (200)";"2023-10-01 16:09:46.923204";"Facebook:/<comment-id>/comments";"";"Erika Bianchi la salchipapa"
"1";"296";"1";"1761557280583534";"data";"data.*";"fetched (200)";"2023-10-01 16:09:46.923204";"Facebook:/<comment-id>/comments";"";"Karolay Ampuero Lidia M. Ruiz Díaz jajajaja que sid"
"1";"297";"1";"1761557280583534";"data";"data.*";"fetched (200)";"2023-10-01 16:09:46.923204";"Facebook:/<comment-id>/comments";"";"Valeria Cornejo el poshito weee"
"1";"298";"1";"1761557280583534";"data";"data.*";"fetched (200)";"2023-10-01 16:09:46.923204";"Facebook:/<comment-id>/comments";"";"Dayana Yurivilca te imagino asi :V"
"1";"299";"1";"1761557280583534";"data";"data.*";"fetched (200)";"2023-10-01 16:09:46.923204";"Facebook:/<comment-id>/comments";"";"Alessandra Rossell Caceres tu pollito 🐣 !!!! Jajajajaja"
"1";"300";"1";"1761557280583534";"data";"data.*";"fetched (200)";"2023-10-01 16:09:46.923204";"Facebook:/<comment-id>/comments";"";"Carlos Castañeda jjajjjajjaajaja"
"1";"301";"1";"1761557280583534";"data";"data.*";"fetched (200)";"2023-10-01 16:09:46.923204";"Facebook:/<comment-id>/comments";"";"Pamela Rivera Guerra,Nicole Ruiz, las alitaaaas!!!"
"1";"302";"1";"1761557280583534";"data";"data.*";"fetched (200)";"2023-10-01 16:09:46.923204";"Facebook:/<comment-id>/comments";"";"Ariana Cava tu canción☹️"
"1";"303";"1";"1761557280583534";"data";"data.*";"fetched (200)";"2023-10-01 16:09:46.923204";"Facebook:/<comment-id>/comments";"";"Andrea Paredes Arenas harto ketchupppppp 💕✌"
"1";"304";"1";"1761557280583534";"data";"data.*";"fetched (200)";"2023-10-01 16:09:46.923204";"Facebook:/<comment-id>/comments";"";"Camila Infantes domingo de su pollito"
"1";"305";"1";"1761557280583534";"data";"data.*";"fetched (200)";"2023-10-01 16:09:46.923204";"Facebook:/<comment-id>/comments";"";"Ferchi Silva Iturriaga el chifa, te acuerdas?"
"1";"306";"1";"1761557280583534";"data";"data.*";"fetched (200)";"2023-10-01 16:09:46.923204";"Facebook:/<comment-id>/comments";"";"Mi pollito nunca llego 😢😭😫 Lucero M. BG Kriss Charlotte Laura Ch GD Ana"
"1";"307";"1";"1761557280583534";"data";"data.*";"fetched (200)";"2023-10-01 16:09:46.923204";"Facebook:/<comment-id>/comments";"";"Rodre Eq tu caso"
"1";"308";"1";"1761557280583534";"data";"data.*";"fetched (200)";"2023-10-01 16:09:46.923204";"Facebook:/<comment-id>/comments";"";"Almudena Galarza la historia de mi vida"
"1";"309";"1";"1761557280583534";"data";"data.*";"fetched (200)";"2023-10-01 16:09:46.923204";"Facebook:/<comment-id>/comments";"";"Gabriel Náquira cn la pizza 🙄"
"1";"310";"1";"1761557280583534";"data";"data.*";"fetched (200)";"2023-10-01 16:09:46.923204";"Facebook:/<comment-id>/comments";"";"Nuria Del Pilar ajjajajajjaja"
"1";"311";"1";"1761557280583534";"data";"data.*";"fetched (200)";"2023-10-01 16:09:46.923204";"Facebook:/<comment-id>/comments";"";"Alexandra Echevarria Salas esperar es mi sufrimiento 😭😭😭😭😭"
"1";"312";"1";"1761557280583534";"data";"data.*";"fetched (200)";"2023-10-01 16:09:46.923204";"Facebook:/<comment-id>/comments";"";"Antonella Arellano la cancion JAJAJAJ"
"1";"313";"1";"1761557280583534";"offcut";"";"fetched (200)";"2023-10-01 16:09:46.923204";"Facebook:/<comment-id>/comments";"";""
"1";"314";"1";"1761557280583534";"data";"data.*";"fetched (200)";"2023-10-01 16:09:47.391275";"Facebook:/<comment-id>/comments";"";"Valeria Barrera mi pollito 😭😭😭"
"1";"315";"1";"1761557280583534";"data";"data.*";"fetched (200)";"2023-10-01 16:09:47.391275";"Facebook:/<comment-id>/comments";"";"Milena Loayza 😂😂 amo el ketchup"
"1";"316";"1";"1761557280583534";"data";"data.*";"fetched (200)";"2023-10-01 16:09:47.391275";"Facebook:/<comment-id>/comments";"";"Mayra triste"
"1";"317";"1";"1761557280583534";"data";"data.*";"fetched (200)";"2023-10-01 16:09:47.391275";"Facebook:/<comment-id>/comments";"";"Diana Llacsahuanga Jenny Correa jajajajajaja el sabado"
"1";"318";"1";"1761557280583534";"data";"data.*";"fetched (200)";"2023-10-01 16:09:47.391275";"Facebook:/<comment-id>/comments";"";"Leslith Cabrera jajajajajaja"
"1";"319";"1";"1761557280583534";"data";"data.*";"fetched (200)";"2023-10-01 16:09:47.391275";"Facebook:/<comment-id>/comments";"";"Josefina Icochea papa johns 😭"
"1";"320";"1";"1761557280583534";"data";"data.*";"fetched (200)";"2023-10-01 16:09:47.391275";"Facebook:/<comment-id>/comments";"";"Natali Vasquez tu amiga jaajajajaj"
"1";"321";"1";"1761557280583534";"data";"data.*";"fetched (200)";"2023-10-01 16:09:47.391275";"Facebook:/<comment-id>/comments";"";"domingo de pollito Katty Nicol Tantalean Cueva"
"1";"322";"1";"1761557280583534";"data";"data.*";"fetched (200)";"2023-10-01 16:09:47.391275";"Facebook:/<comment-id>/comments";"";"Adriana Postigo Valentina Gonzalez el sushi que nunca llega"
"1";"323";"1";"1761557280583534";"data";"data.*";"fetched (200)";"2023-10-01 16:09:47.391275";"Facebook:/<comment-id>/comments";"";"Valeria Ñañez Castillo se parece a alguien"
"1";"324";"1";"1761557280583534";"data";"data.*";"fetched (200)";"2023-10-01 16:09:47.391275";"Facebook:/<comment-id>/comments";"";"Gina Pacheco Verástegui conociendote te pones así 🙄🙄"
"1";"325";"1";"1761557280583534";"data";"data.*";"fetched (200)";"2023-10-01 16:09:47.391275";"Facebook:/<comment-id>/comments";"";"Jajajajaja Mili Bazan"
"1";"326";"1";"1761557280583534";"data";"data.*";"fetched (200)";"2023-10-01 16:09:47.391275";"Facebook:/<comment-id>/comments";"";"Lalo Glasinovich nosotros tlv"
"1";"327";"1";"1761557280583534";"data";"data.*";"fetched (200)";"2023-10-01 16:09:47.391275";"Facebook:/<comment-id>/comments";"";"JAJAJAJAJAJAJAJ Valeria García"
"1";"328";"1";"1761557280583534";"data";"data.*";"fetched (200)";"2023-10-01 16:09:47.391275";"Facebook:/<comment-id>/comments";"";"Guillermo Belfiore domingo de pollitooo"
"1";"329";"1";"1761557280583534";"data";"data.*";"fetched (200)";"2023-10-01 16:09:47.391275";"Facebook:/<comment-id>/comments";"";"Sol Herbozo Aranda la alitaaaaas💔"
"1";"330";"1";"1761557280583534";"data";"data.*";"fetched (200)";"2023-10-01 16:09:47.391275";"Facebook:/<comment-id>/comments";"";"Claudia CardenasValeria MoralesAlessandra Bracamonte con la pizza casiiii"
"1";"331";"1";"1761557280583534";"data";"data.*";"fetched (200)";"2023-10-01 16:09:47.391275";"Facebook:/<comment-id>/comments";"";"Andrea Rosario primaaaaa 😂"
"1";"332";"1";"1761557280583534";"data";"data.*";"fetched (200)";"2023-10-01 16:09:47.391275";"Facebook:/<comment-id>/comments";"";"Valeria Vilchez Alburquerque si nos pasaba ayer eso me mataba"
"1";"333";"1";"1761557280583534";"data";"data.*";"fetched (200)";"2023-10-01 16:09:47.391275";"Facebook:/<comment-id>/comments";"";"Antuan Reyes Nieto el pollo nunca llego"
"1";"334";"1";"1761557280583534";"data";"data.*";"fetched (200)";"2023-10-01 16:09:47.391275";"Facebook:/<comment-id>/comments";"";"Nicoll kfc"
"1";"335";"1";"1761557280583534";"data";"data.*";"fetched (200)";"2023-10-01 16:09:47.391275";"Facebook:/<comment-id>/comments";"";"Arianna L Choy - Kifox esa pizzaaaa 😪😪"
"1";"336";"1";"1761557280583534";"data";"data.*";"fetched (200)";"2023-10-01 16:09:47.391275";"Facebook:/<comment-id>/comments";"";"Juan Diego Abad Zelvaggio cuando la pizza no llego😫"
"1";"337";"1";"1761557280583534";"data";"data.*";"fetched (200)";"2023-10-01 16:09:47.391275";"Facebook:/<comment-id>/comments";"";"Paola Valle jajajaa"
"1";"338";"1";"1761557280583534";"data";"data.*";"fetched (200)";"2023-10-01 16:09:47.391275";"Facebook:/<comment-id>/comments";"";"Valeria Valle HAHAHAHA xdxd"
"1";"339";"1";"1761557280583534";"offcut";"";"fetched (200)";"2023-10-01 16:09:47.391275";"Facebook:/<comment-id>/comments";"";""
"1";"340";"1";"1761557280583534";"data";"data.*";"fetched (200)";"2023-10-01 16:09:47.902960";"Facebook:/<comment-id>/comments";"";"Ximena Cerdan Navarro #conlacomidanosejuega 😂😂"
"1";"341";"1";"1761557280583534";"data";"data.*";"fetched (200)";"2023-10-01 16:09:47.902960";"Facebook:/<comment-id>/comments";"";"CL Pomareda Andrea Joyo Pastor la pizza 💔"
"1";"342";"1";"1761557280583534";"data";"data.*";"fetched (200)";"2023-10-01 16:09:47.902960";"Facebook:/<comment-id>/comments";"";"El pollitooo xd Lucero Hidalgo Mendoza"
"1";"343";"1";"1761557280583534";"data";"data.*";"fetched (200)";"2023-10-01 16:09:47.902960";"Facebook:/<comment-id>/comments";"";"Ale Vera Uribe me pasó hoy :”v"
"1";"344";"1";"1761557280583534";"data";"data.*";"fetched (200)";"2023-10-01 16:09:47.902960";"Facebook:/<comment-id>/comments";"";"Karen Katherine Stefany 😂 😂 😂"
"1";"345";"1";"1761557280583534";"data";"data.*";"fetched (200)";"2023-10-01 16:09:47.902960";"Facebook:/<comment-id>/comments";"";"Emely Chávez Campollo :("
"1";"346";"1";"1761557280583534";"data";"data.*";"fetched (200)";"2023-10-01 16:09:47.902960";"Facebook:/<comment-id>/comments";"";"Cinthya LopezTagle la pizza 😭😭"
"1";"347";"1";"1761557280583534";"data";"data.*";"fetched (200)";"2023-10-01 16:09:47.902960";"Facebook:/<comment-id>/comments";"";"Sebastian Berrios Bachoir nosotros lit 😂😂"
"1";"348";"1";"1761557280583534";"data";"data.*";"fetched (200)";"2023-10-01 16:09:47.902960";"Facebook:/<comment-id>/comments";"";"Manolo Rodriguez jajajajajajajaja"
"1";"349";"1";"1761557280583534";"data";"data.*";"fetched (200)";"2023-10-01 16:09:47.902960";"Facebook:/<comment-id>/comments";"";"Wendy Rivas 😂😂😂😂😂😂"
"1";"350";"1";"1761557280583534";"data";"data.*";"fetched (200)";"2023-10-01 16:09:47.902960";"Facebook:/<comment-id>/comments";"";"Ivanna Door Natalia Castillo Reategui JAJA"
"1";"351";"1";"1761557280583534";"data";"data.*";"fetched (200)";"2023-10-01 16:09:47.902960";"Facebook:/<comment-id>/comments";"";"Monica😂😂😂😂"
"1";"352";"1";"1761557280583534";"data";"data.*";"fetched (200)";"2023-10-01 16:09:47.902960";"Facebook:/<comment-id>/comments";"";"Yvett Graciela Valle Pinedo nunca lo superaré"
"1";"353";"1";"1761557280583534";"data";"data.*";"fetched (200)";"2023-10-01 16:09:47.902960";"Facebook:/<comment-id>/comments";"";"Shirley Agreda hahahahahahah"
"1";"354";"1";"1761557280583534";"data";"data.*";"fetched (200)";"2023-10-01 16:09:47.902960";"Facebook:/<comment-id>/comments";"";"Valery Chamorro Pinedo que sad es esto :'v"
"1";"355";"1";"1761557280583534";"data";"data.*";"fetched (200)";"2023-10-01 16:09:47.902960";"Facebook:/<comment-id>/comments";"";"Gianella Florentini Perez jajajajaj ptmm"
"1";"356";"1";"1761557280583534";"data";"data.*";"fetched (200)";"2023-10-01 16:09:47.902960";"Facebook:/<comment-id>/comments";"";"Sandra Poursohrab jJJAJAJA"
"1";"357";"1";"1761557280583534";"data";"data.*";"fetched (200)";"2023-10-01 16:09:47.902960";"Facebook:/<comment-id>/comments";"";"Rossi Marina Quispe pollitoo :c"
"1";"358";"1";"1761557280583534";"data";"data.*";"fetched (200)";"2023-10-01 16:09:47.902960";"Facebook:/<comment-id>/comments";"";"Karina Ccoa jajaja 😂😂😂"
"1";"359";"1";"1761557280583534";"data";"data.*";"fetched (200)";"2023-10-01 16:09:47.902960";"Facebook:/<comment-id>/comments";"";"Rossina Bustamante cuidado te pase 😂😂"
"1";"360";"1";"1761557280583534";"data";"data.*";"fetched (200)";"2023-10-01 16:09:47.902960";"Facebook:/<comment-id>/comments";"";"Ruth Sahori 😂😂😂😂😂"
"1";"361";"1";"1761557280583534";"data";"data.*";"fetched (200)";"2023-10-01 16:09:47.902960";"Facebook:/<comment-id>/comments";"";"Lorena Cervantes Almanza Fabian Huapaya Villafana la pizzaaaa😭😭😭😭😭😭💔"
"1";"362";"1";"1761557280583534";"data";"data.*";"fetched (200)";"2023-10-01 16:09:47.902960";"Facebook:/<comment-id>/comments";"";"Katherine Miranda Ella también usa hellow kitty 🙄"
"1";"363";"1";"1761557280583534";"data";"data.*";"fetched (200)";"2023-10-01 16:09:47.902960";"Facebook:/<comment-id>/comments";"";"Maloy Navia 😂😂😂💔😢"
"1";"364";"1";"1761557280583534";"data";"data.*";"fetched (200)";"2023-10-01 16:09:47.902960";"Facebook:/<comment-id>/comments";"";"Nohelya Castillo Guerrero jajajajajajaa"
"1";"365";"1";"1761557280583534";"offcut";"";"fetched (200)";"2023-10-01 16:09:47.902960";"Facebook:/<comment-id>/comments";"";""
"1";"366";"1";"1761557280583534";"data";"data.*";"fetched (200)";"2023-10-01 16:09:48.459110";"Facebook:/<comment-id>/comments";"";"Micaela Ravenna Villacorta io lit"
"1";"367";"1";"1761557280583534";"data";"data.*";"fetched (200)";"2023-10-01 16:09:48.459110";"Facebook:/<comment-id>/comments";"";"Jajajaj Carolina Cárdenas de Abregú Mayumi Goya esto nos paso el día de hoy :D"
"1";"368";"1";"1761557280583534";"data";"data.*";"fetched (200)";"2023-10-01 16:09:48.459110";"Facebook:/<comment-id>/comments";"";"Gerardo TD: gab y yo"
"1";"369";"1";"1761557280583534";"data";"data.*";"fetched (200)";"2023-10-01 16:09:48.459110";"Facebook:/<comment-id>/comments";"";"jajajaj :( Isabel Vega"
"1";"370";"1";"1761557280583534";"data";"data.*";"fetched (200)";"2023-10-01 16:09:48.459110";"Facebook:/<comment-id>/comments";"";"Rojas Lopez Hilda Ximena te acuerdas!"
"1";"371";"1";"1761557280583534";"data";"data.*";"fetched (200)";"2023-10-01 16:09:48.459110";"Facebook:/<comment-id>/comments";"";"Renata Doig YOOOOOOOO"
"1";"372";"1";"1761557280583534";"data";"data.*";"fetched (200)";"2023-10-01 16:09:48.459110";"Facebook:/<comment-id>/comments";"";"Laura Janampa Herrera esperando el pollito"
"1";"373";"1";"1761557280583534";"data";"data.*";"fetched (200)";"2023-10-01 16:09:48.459110";"Facebook:/<comment-id>/comments";"";"Isabel Arrunategui JAJAJAJA"
"1";"374";"1";"1761557280583534";"data";"data.*";"fetched (200)";"2023-10-01 16:09:48.459110";"Facebook:/<comment-id>/comments";"";"Francesca Bacigalupo Delfin Valeria Real no llego el pollo😭"
"1";"375";"1";"1761557280583534";"data";"data.*";"fetched (200)";"2023-10-01 16:09:48.459110";"Facebook:/<comment-id>/comments";"";"Sthefany Cabrera Portales esperando pedrinis 😪😂"
"1";"376";"1";"1761557280583534";"data";"data.*";"fetched (200)";"2023-10-01 16:09:48.459110";"Facebook:/<comment-id>/comments";"";"Carlos Celi Sarmiento  Pollito"
"1";"377";"1";"1761557280583534";"data";"data.*";"fetched (200)";"2023-10-01 16:09:48.459110";"Facebook:/<comment-id>/comments";"";"Rocío Sevilla Camila Binek Salas veggie pizza"
"1";"378";"1";"1761557280583534";"data";"data.*";"fetched (200)";"2023-10-01 16:09:48.459110";"Facebook:/<comment-id>/comments";"";"Pámela Olivas Daneri los domingos de 🐥"
"1";"379";"1";"1761557280583534";"data";"data.*";"fetched (200)";"2023-10-01 16:09:48.459110";"Facebook:/<comment-id>/comments";"";"Marie Aponte Guzmán no lo supero 😂😂"
"1";"380";"1";"1761557280583534";"data";"data.*";"fetched (200)";"2023-10-01 16:09:48.459110";"Facebook:/<comment-id>/comments";"";"Sergio Salazar 😭😭😭😭😭😭"
"1";"381";"1";"1761557280583534";"data";"data.*";"fetched (200)";"2023-10-01 16:09:48.459110";"Facebook:/<comment-id>/comments";"";"Zey Rojas 😪😞💔"
"1";"382";"1";"1761557280583534";"data";"data.*";"fetched (200)";"2023-10-01 16:09:48.459110";"Facebook:/<comment-id>/comments";"";"Jajajajajajaja Antonella Grados Herrera mirala"
"1";"383";"1";"1761557280583534";"data";"data.*";"fetched (200)";"2023-10-01 16:09:48.459110";"Facebook:/<comment-id>/comments";"";"Jajajaa Derik Amaya Gutti"
"1";"384";"1";"1761557280583534";"data";"data.*";"fetched (200)";"2023-10-01 16:09:48.459110";"Facebook:/<comment-id>/comments";"";"Alejandro Wanner Juarez Viena yo siempre 💔"
"1";"385";"1";"1761557280583534";"data";"data.*";"fetched (200)";"2023-10-01 16:09:48.459110";"Facebook:/<comment-id>/comments";"";"Britney Moriano el pollito 😭😭"
"1";"386";"1";"1761557280583534";"data";"data.*";"fetched (200)";"2023-10-01 16:09:48.459110";"Facebook:/<comment-id>/comments";"";"Yuri Nakamura  Mira esto"
"1";"387";"1";"1761557280583534";"data";"data.*";"fetched (200)";"2023-10-01 16:09:48.459110";"Facebook:/<comment-id>/comments";"";"Valeria Campoverde lima delivery"
"1";"388";"1";"1761557280583534";"data";"data.*";"fetched (200)";"2023-10-01 16:09:48.459110";"Facebook:/<comment-id>/comments";"";"Yzza Rossell bahh"
"1";"389";"1";"1761557280583534";"data";"data.*";"fetched (200)";"2023-10-01 16:09:48.459110";"Facebook:/<comment-id>/comments";"";"Angela Canahualpa Sánchez domingo de pollitooo"
"1";"390";"1";"1761557280583534";"data";"data.*";"fetched (200)";"2023-10-01 16:09:48.459110";"Facebook:/<comment-id>/comments";"";"Juan De Dios Cruzado Vasquez Sebastian Riveros JAJA"
"1";"391";"1";"1761557280583534";"offcut";"";"fetched (200)";"2023-10-01 16:09:48.459110";"Facebook:/<comment-id>/comments";"";""
"1";"392";"1";"1761557280583534";"data";"data.*";"fetched (200)";"2023-10-01 16:09:48.972440";"Facebook:/<comment-id>/comments";"";"Ivanna Siu.  Jajaj"
"1";"393";"1";"1761557280583534";"data";"data.*";"fetched (200)";"2023-10-01 16:09:48.972440";"Facebook:/<comment-id>/comments";"";"Nicolas Ramos sho!"
"1";"394";"1";"1761557280583534";"data";"data.*";"fetched (200)";"2023-10-01 16:09:48.972440";"Facebook:/<comment-id>/comments";"";"Maricielo .-."
"1";"395";"1";"1761557280583534";"data";"data.*";"fetched (200)";"2023-10-01 16:09:48.972440";"Facebook:/<comment-id>/comments";"";"Eduardo Ruiz yoo.. ☹️"
"1";"396";"1";"1761557280583534";"data";"data.*";"fetched (200)";"2023-10-01 16:09:48.972440";"Facebook:/<comment-id>/comments";"";"Delia Gamero Vera tú y tu pizza"
"1";"397";"1";"1761557280583534";"data";"data.*";"fetched (200)";"2023-10-01 16:09:48.972440";"Facebook:/<comment-id>/comments";"";"Angelina Mucho Palomino Rodrigo Navarro"
"1";"398";"1";"1761557280583534";"data";"data.*";"fetched (200)";"2023-10-01 16:09:48.972440";"Facebook:/<comment-id>/comments";"";"Katherin xD"
"1";"399";"1";"1761557280583534";"data";"data.*";"fetched (200)";"2023-10-01 16:09:48.972440";"Facebook:/<comment-id>/comments";"";"Katy😂😂😂"
"1";"400";"1";"1761557280583534";"data";"data.*";"fetched (200)";"2023-10-01 16:09:48.972440";"Facebook:/<comment-id>/comments";"";"José Chávez🐣🐣😂😂"
"1";"401";"1";"1761557280583534";"data";"data.*";"fetched (200)";"2023-10-01 16:09:48.972440";"Facebook:/<comment-id>/comments";"";"YS VicMon jajaja"
"1";"402";"1";"1761557280583534";"data";"data.*";"fetched (200)";"2023-10-01 16:09:48.972440";"Facebook:/<comment-id>/comments";"";"Milton😂😂"
"1";"403";"1";"1761557280583534";"data";"data.*";"fetched (200)";"2023-10-01 16:09:48.972440";"Facebook:/<comment-id>/comments";"";"Cinthya Lescano la pizza 😂😂😂"
"1";"404";"1";"1761557280583534";"data";"data.*";"fetched (200)";"2023-10-01 16:09:48.972440";"Facebook:/<comment-id>/comments";"";"Brunella Esquerre Cortez tu kfc 😂"
"1";"405";"1";"1761557280583534";"data";"data.*";"fetched (200)";"2023-10-01 16:09:48.972440";"Facebook:/<comment-id>/comments";"";"Valeria Chai Marca JAJAJAJAJAJA"
"1";"406";"1";"1761557280583534";"data";"data.*";"fetched (200)";"2023-10-01 16:09:48.972440";"Facebook:/<comment-id>/comments";"";"Oscar JP 😂😂"
"1";"407";"1";"1761557280583534";"data";"data.*";"fetched (200)";"2023-10-01 16:09:48.972440";"Facebook:/<comment-id>/comments";"";"Xiomara Alexandra Romero Bendezu jajajjajaja"
"1";"408";"1";"1761557280583534";"data";"data.*";"fetched (200)";"2023-10-01 16:09:48.972440";"Facebook:/<comment-id>/comments";"";"Paola Donayre Flores mira 😂"
"1";"409";"1";"1761557280583534";"data";"data.*";"fetched (200)";"2023-10-01 16:09:48.972440";"Facebook:/<comment-id>/comments";"";"Victor Huapaya Hannia Rojas Diaz Luis Garcia Pamela Galarreta Popeyes dices"
"1";"410";"1";"1761557280583534";"data";"data.*";"fetched (200)";"2023-10-01 16:09:48.972440";"Facebook:/<comment-id>/comments";"";"JacKy Razuri Loyola  😂😂😂😂😂"
"1";"411";"1";"1761557280583534";"data";"data.*";"fetched (200)";"2023-10-01 16:09:48.972440";"Facebook:/<comment-id>/comments";"";"Pilar Carmelino Rosa Salvador Mayorga :("
"1";"412";"1";"1761557280583534";"data";"data.*";"fetched (200)";"2023-10-01 16:09:48.972440";"Facebook:/<comment-id>/comments";"";"Galicia A MT Gianina Malca Melissa Espinoza"
"1";"413";"1";"1761557280583534";"data";"data.*";"fetched (200)";"2023-10-01 16:09:48.972440";"Facebook:/<comment-id>/comments";"";"Aurora Rivera Torres el pollito :,("
"1";"414";"1";"1761557280583534";"data";"data.*";"fetched (200)";"2023-10-01 16:09:48.972440";"Facebook:/<comment-id>/comments";"";"Marcia Bustamante Mendoza JAJAJAJAJAJAJSA"
"1";"415";"1";"1761557280583534";"data";"data.*";"fetched (200)";"2023-10-01 16:09:48.972440";"Facebook:/<comment-id>/comments";"";"Aracelli Zarria JAJAJAJ 😢"
"1";"416";"1";"1761557280583534";"data";"data.*";"fetched (200)";"2023-10-01 16:09:48.972440";"Facebook:/<comment-id>/comments";"";"Vivian Figueroa 🤣🤣🤣"
"1";"417";"1";"1761557280583534";"offcut";"";"fetched (200)";"2023-10-01 16:09:48.972440";"Facebook:/<comment-id>/comments";"";""
"1";"418";"1";"1761557280583534";"data";"data.*";"fetched (200)";"2023-10-01 16:09:49.427237";"Facebook:/<comment-id>/comments";"";"Diana Valencia Anahi Leon jajaja"
"1";"419";"1";"1761557280583534";"data";"data.*";"fetched (200)";"2023-10-01 16:09:49.427237";"Facebook:/<comment-id>/comments";"";"Yanii G. Soriano jajajaja"
"1";"420";"1";"1761557280583534";"data";"data.*";"fetched (200)";"2023-10-01 16:09:49.427237";"Facebook:/<comment-id>/comments";"";"Maria Fe Chavez Rosas Ximena Galvez Escurra"
"1";"421";"1";"1761557280583534";"data";"data.*";"fetched (200)";"2023-10-01 16:09:49.427237";"Facebook:/<comment-id>/comments";"";"Diego Aliaga Ortiz yo siempre"
"1";"422";"1";"1761557280583534";"data";"data.*";"fetched (200)";"2023-10-01 16:09:49.427237";"Facebook:/<comment-id>/comments";"";"Stefany Santillan  jajajjaj"
"1";"423";"1";"1761557280583534";"data";"data.*";"fetched (200)";"2023-10-01 16:09:49.427237";"Facebook:/<comment-id>/comments";"";"Carol Goicochea Stechmann tu y tu pollo 🐥🐣"
"1";"424";"1";"1761557280583534";"data";"data.*";"fetched (200)";"2023-10-01 16:09:49.427237";"Facebook:/<comment-id>/comments";"";"Katherine Mena MoreKatherine"
"1";"425";"1";"1761557280583534";"data";"data.*";"fetched (200)";"2023-10-01 16:09:49.427237";"Facebook:/<comment-id>/comments";"";"Roddy 🤣🤣"
"1";"426";"1";"1761557280583534";"data";"data.*";"fetched (200)";"2023-10-01 16:09:49.427237";"Facebook:/<comment-id>/comments";"";"Ana Paola jaja"
"1";"427";"1";"1761557280583534";"data";"data.*";"fetched (200)";"2023-10-01 16:09:49.427237";"Facebook:/<comment-id>/comments";"";"Jairo Merea Dueñas 💔💔💔"
"1";"428";"1";"1761557280583534";"data";"data.*";"fetched (200)";"2023-10-01 16:09:49.427237";"Facebook:/<comment-id>/comments";"";"Fiorella Carcheri Francia nuestra vida"
"1";"429";"1";"1761557280583534";"data";"data.*";"fetched (200)";"2023-10-01 16:09:49.427237";"Facebook:/<comment-id>/comments";"";"Jenny Lopez tuuuu"
"1";"430";"1";"1761557280583534";"data";"data.*";"fetched (200)";"2023-10-01 16:09:49.427237";"Facebook:/<comment-id>/comments";"";"Kiussack Loayza Martell Jei Edd Loayza Elguera"
"1";"431";"1";"1761557280583534";"data";"data.*";"fetched (200)";"2023-10-01 16:09:49.427237";"Facebook:/<comment-id>/comments";"";"Alessandra del Carmen 😂😂😂"
"1";"432";"1";"1761557280583534";"data";"data.*";"fetched (200)";"2023-10-01 16:09:49.427237";"Facebook:/<comment-id>/comments";"";"Walter Daniel 🙈😂"
"1";"433";"1";"1761557280583534";"data";"data.*";"fetched (200)";"2023-10-01 16:09:49.427237";"Facebook:/<comment-id>/comments";"";"Fabricio Silva Hezlly Vela Marilyn Ramos Lavado 😂😂😂"
"1";"434";"1";"1761557280583534";"data";"data.*";"fetched (200)";"2023-10-01 16:09:49.427237";"Facebook:/<comment-id>/comments";"";"Jahniz Mansilla Araujo xD"
"1";"435";"1";"1761557280583534";"data";"data.*";"fetched (200)";"2023-10-01 16:09:49.427237";"Facebook:/<comment-id>/comments";"";"Mariella Calderón😂😂😂❤️"
"1";"436";"1";"1761557280583534";"data";"data.*";"fetched (200)";"2023-10-01 16:09:49.427237";"Facebook:/<comment-id>/comments";"";"JAJAJAJAA Alexandra Claudet Herrera Renata Huarcaya Flores Zanelly Romero Zavala Yenni Espinoza Orosco"
"1";"437";"1";"1761557280583534";"data";"data.*";"fetched (200)";"2023-10-01 16:09:49.427237";"Facebook:/<comment-id>/comments";"";"Liana Fernández Zegarra :'("
"1";"438";"1";"1761557280583534";"data";"data.*";"fetched (200)";"2023-10-01 16:09:49.427237";"Facebook:/<comment-id>/comments";"";"Nicole Gonzales Gustavo Galarza Suárez"
"1";"439";"1";"1761557280583534";"data";"data.*";"fetched (200)";"2023-10-01 16:09:49.427237";"Facebook:/<comment-id>/comments";"";"François Crousillat 🙈🙈🙈"
"1";"440";"1";"1761557280583534";"data";"data.*";"fetched (200)";"2023-10-01 16:09:49.427237";"Facebook:/<comment-id>/comments";"";"Claudia CastilloMalo jajajajaa"
"1";"441";"1";"1761557280583534";"data";"data.*";"fetched (200)";"2023-10-01 16:09:49.427237";"Facebook:/<comment-id>/comments";"";"Hugo Castillo Paz,Nathaly Heredia Garcia"
"1";"442";"1";"1761557280583534";"data";"data.*";"fetched (200)";"2023-10-01 16:09:49.427237";"Facebook:/<comment-id>/comments";"";"Jajajjajajajjaja Teresa Carrasco Chanta Danitza Casaño Callupe"
"1";"443";"1";"1761557280583534";"offcut";"";"fetched (200)";"2023-10-01 16:09:49.427237";"Facebook:/<comment-id>/comments";"";""
"1";"444";"1";"1761557280583534";"data";"data.*";"fetched (200)";"2023-10-01 16:09:49.892158";"Facebook:/<comment-id>/comments";"";"Claudia Colán 😂"
"1";"445";"1";"1761557280583534";"data";"data.*";"fetched (200)";"2023-10-01 16:09:49.892158";"Facebook:/<comment-id>/comments";"";"Maria Teresa Medina Briceño numah 😭😭💔"
"1";"446";"1";"1761557280583534";"data";"data.*";"fetched (200)";"2023-10-01 16:09:49.892158";"Facebook:/<comment-id>/comments";"";"Daniela Elias 🤔"
"1";"447";"1";"1761557280583534";"data";"data.*";"fetched (200)";"2023-10-01 16:09:49.892158";"Facebook:/<comment-id>/comments";"";"Samyra Urbina Acosta la pizza"
"1";"448";"1";"1761557280583534";"data";"data.*";"fetched (200)";"2023-10-01 16:09:49.892158";"Facebook:/<comment-id>/comments";"";"Eliza Abigail Mancisidor nunca llegó"
"1";"449";"1";"1761557280583534";"data";"data.*";"fetched (200)";"2023-10-01 16:09:49.892158";"Facebook:/<comment-id>/comments";"";"Claudia Arméstar Alzamora el miércoles"
"1";"450";"1";"1761557280583534";"data";"data.*";"fetched (200)";"2023-10-01 16:09:49.892158";"Facebook:/<comment-id>/comments";"";"Deysi😂😂"
"1";"451";"1";"1761557280583534";"data";"data.*";"fetched (200)";"2023-10-01 16:09:49.892158";"Facebook:/<comment-id>/comments";"";"Wandy Emanuel😭😭 😭"
"1";"452";"1";"1761557280583534";"data";"data.*";"fetched (200)";"2023-10-01 16:09:49.892158";"Facebook:/<comment-id>/comments";"";"Camila Ortecho Perez JAJJAJA"
"1";"453";"1";"1761557280583534";"data";"data.*";"fetched (200)";"2023-10-01 16:09:49.892158";"Facebook:/<comment-id>/comments";"";"Jelian Torres Chávez Rosy Torres 😂😂"
"1";"454";"1";"1761557280583534";"data";"data.*";"fetched (200)";"2023-10-01 16:09:49.892158";"Facebook:/<comment-id>/comments";"";"Carmen Kateryne Calle Jimenez!  😙"
"1";"455";"1";"1761557280583534";"data";"data.*";"fetched (200)";"2023-10-01 16:09:49.892158";"Facebook:/<comment-id>/comments";"";"Harumi Calderón Taboada Johan Mario Carhuatanta C Cristian Osorio Gutierrez Angelica Maria Gamarra Flores Haruuuu la triste historia"
"1";"456";"1";"1761557280583534";"data";"data.*";"fetched (200)";"2023-10-01 16:09:49.892158";"Facebook:/<comment-id>/comments";"";"Nicolle Andrea Gamarra pollito💔"
"1";"457";"1";"1761557280583534";"data";"data.*";"fetched (200)";"2023-10-01 16:09:49.892158";"Facebook:/<comment-id>/comments";"";"Maria Fe Huaman Alejandro Alva"
"1";"458";"1";"1761557280583534";"data";"data.*";"fetched (200)";"2023-10-01 16:09:49.892158";"Facebook:/<comment-id>/comments";"";"Stefanny Massey Leveratto 🤣🤣🤣"
"1";"459";"1";"1761557280583534";"data";"data.*";"fetched (200)";"2023-10-01 16:09:49.892158";"Facebook:/<comment-id>/comments";"";"Solanch Palacios Salazar jajajaja"
"1";"460";"1";"1761557280583534";"data";"data.*";"fetched (200)";"2023-10-01 16:09:49.892158";"Facebook:/<comment-id>/comments";"";"Carmen Mauri😂😂😂😂😂"
"1";"461";"1";"1761557280583534";"data";"data.*";"fetched (200)";"2023-10-01 16:09:49.892158";"Facebook:/<comment-id>/comments";"";"Victoria Davalos Florencia Parra LA PAPASH"
"1";"462";"1";"1761557280583534";"data";"data.*";"fetched (200)";"2023-10-01 16:09:49.892158";"Facebook:/<comment-id>/comments";"";"Mayle BurneoAlessandra Burneo la pizza"
"1";"463";"1";"1761557280583534";"data";"data.*";"fetched (200)";"2023-10-01 16:09:49.892158";"Facebook:/<comment-id>/comments";"";"Geraldine Mariño"
"1";"464";"1";"1761557280583534";"data";"data.*";"fetched (200)";"2023-10-01 16:09:49.892158";"Facebook:/<comment-id>/comments";"";"Lucía Silva"
"1";"465";"1";"1761557280583534";"data";"data.*";"fetched (200)";"2023-10-01 16:09:49.892158";"Facebook:/<comment-id>/comments";"";"Jajaja Carolina Herrera Rivas"
"1";"466";"1";"1761557280583534";"data";"data.*";"fetched (200)";"2023-10-01 16:09:49.892158";"Facebook:/<comment-id>/comments";"";"Aitana Gallegos Rubianes"
"1";"467";"1";"1761557280583534";"data";"data.*";"fetched (200)";"2023-10-01 16:09:49.892158";"Facebook:/<comment-id>/comments";"";"Douglas Castellanos"
"1";"468";"1";"1761557280583534";"data";"data.*";"fetched (200)";"2023-10-01 16:09:49.892158";"Facebook:/<comment-id>/comments";"";"Fernanda Ortiz Aymee Morante Perez Anthony Laurente"
"1";"469";"1";"1761557280583534";"offcut";"";"fetched (200)";"2023-10-01 16:09:49.892158";"Facebook:/<comment-id>/comments";"";""
"1";"470";"1";"1761557280583534";"data";"data.*";"fetched (200)";"2023-10-01 16:09:50.392245";"Facebook:/<comment-id>/comments";"";"Ramiro Ricardo la 🍕"
"1";"471";"1";"1761557280583534";"data";"data.*";"fetched (200)";"2023-10-01 16:09:50.392245";"Facebook:/<comment-id>/comments";"";"Danitza 😖"
"1";"472";"1";"1761557280583534";"data";"data.*";"fetched (200)";"2023-10-01 16:09:50.392245";"Facebook:/<comment-id>/comments";"";"Ingrid Garcia Castrejon 💔😭😭😓😩"
"1";"473";"1";"1761557280583534";"data";"data.*";"fetched (200)";"2023-10-01 16:09:50.392245";"Facebook:/<comment-id>/comments";"";"Rogger Gonzales!!!!!"
"1";"474";"1";"1761557280583534";"data";"data.*";"fetched (200)";"2023-10-01 16:09:50.392245";"Facebook:/<comment-id>/comments";"";"Carla Cueva"
"1";"475";"1";"1761557280583534";"data";"data.*";"fetched (200)";"2023-10-01 16:09:50.392245";"Facebook:/<comment-id>/comments";"";"Francisco Zeña Samanamú yo hoy"
"1";"476";"1";"1761557280583534";"data";"data.*";"fetched (200)";"2023-10-01 16:09:50.392245";"Facebook:/<comment-id>/comments";"";"JAJAJA Jesus Chugden SaLy LazaRo"
"1";"477";"1";"1761557280583534";"data";"data.*";"fetched (200)";"2023-10-01 16:09:50.392245";"Facebook:/<comment-id>/comments";"";"María José Figueroa Osorio"
"1";"478";"1";"1761557280583534";"data";"data.*";"fetched (200)";"2023-10-01 16:09:50.392245";"Facebook:/<comment-id>/comments";"";"Valeria Espejo"
"1";"479";"1";"1761557280583534";"data";"data.*";"fetched (200)";"2023-10-01 16:09:50.392245";"Facebook:/<comment-id>/comments";"";"Milagros 😞"
"1";"480";"1";"1761557280583534";"data";"data.*";"fetched (200)";"2023-10-01 16:09:50.392245";"Facebook:/<comment-id>/comments";"";"Rosa Aguirre xD"
"1";"481";"1";"1761557280583534";"data";"data.*";"fetched (200)";"2023-10-01 16:09:50.392245";"Facebook:/<comment-id>/comments";"";"Valeria Huby"
"1";"482";"1";"1761557280583534";"data";"data.*";"fetched (200)";"2023-10-01 16:09:50.392245";"Facebook:/<comment-id>/comments";"";"Kiski Diski 😝😝😝"
"1";"483";"1";"1761557280583534";"data";"data.*";"fetched (200)";"2023-10-01 16:09:50.392245";"Facebook:/<comment-id>/comments";"";"Maria Paz Maldonado"
"1";"484";"1";"1761557280583534";"data";"data.*";"fetched (200)";"2023-10-01 16:09:50.392245";"Facebook:/<comment-id>/comments";"";"Mia Fernanda"
"1";"485";"1";"1761557280583534";"data";"data.*";"fetched (200)";"2023-10-01 16:09:50.392245";"Facebook:/<comment-id>/comments";"";"Lucia Mancilla Maria Gracia Meza"
"1";"486";"1";"1761557280583534";"data";"data.*";"fetched (200)";"2023-10-01 16:09:50.392245";"Facebook:/<comment-id>/comments";"";"Andrea Mickle Roman"
"1";"487";"1";"1761557280583534";"data";"data.*";"fetched (200)";"2023-10-01 16:09:50.392245";"Facebook:/<comment-id>/comments";"";"Pamela Zavala"
"1";"488";"1";"1761557280583534";"data";"data.*";"fetched (200)";"2023-10-01 16:09:50.392245";"Facebook:/<comment-id>/comments";"";"Valentina N. Telleria"
"1";"489";"1";"1761557280583534";"data";"data.*";"fetched (200)";"2023-10-01 16:09:50.392245";"Facebook:/<comment-id>/comments";"";"Angie Solorzano"
"1";"490";"1";"1761557280583534";"data";"data.*";"fetched (200)";"2023-10-01 16:09:50.392245";"Facebook:/<comment-id>/comments";"";"Gerardo Antayhua Najarro KFC xD"
"1";"491";"1";"1761557280583534";"data";"data.*";"fetched (200)";"2023-10-01 16:09:50.392245";"Facebook:/<comment-id>/comments";"";"Mafer Garcia"
"1";"492";"1";"1761557280583534";"data";"data.*";"fetched (200)";"2023-10-01 16:09:50.392245";"Facebook:/<comment-id>/comments";"";"Maria Paula Aguirre  María Paz Eltit"
"1";"493";"1";"1761557280583534";"data";"data.*";"fetched (200)";"2023-10-01 16:09:50.392245";"Facebook:/<comment-id>/comments";"";"Graciela Chau"
"1";"494";"1";"1761557280583534";"data";"data.*";"fetched (200)";"2023-10-01 16:09:50.392245";"Facebook:/<comment-id>/comments";"";"Katherine Yison"
"1";"495";"1";"1761557280583534";"offcut";"";"fetched (200)";"2023-10-01 16:09:50.392245";"Facebook:/<comment-id>/comments";"";""
"1";"496";"1";"1761557280583534";"data";"data.*";"fetched (200)";"2023-10-01 16:09:50.815347";"Facebook:/<comment-id>/comments";"";"Anie Ocampo"
"1";"497";"1";"1761557280583534";"data";"data.*";"fetched (200)";"2023-10-01 16:09:50.815347";"Facebook:/<comment-id>/comments";"";"Jamielee MB"
"1";"498";"1";"1761557280583534";"data";"data.*";"fetched (200)";"2023-10-01 16:09:50.815347";"Facebook:/<comment-id>/comments";"";"Fernando Davila"
"1";"499";"1";"1761557280583534";"data";"data.*";"fetched (200)";"2023-10-01 16:09:50.815347";"Facebook:/<comment-id>/comments";"";"Gabriela Sánchez Uceda"
"1";"500";"1";"1761557280583534";"data";"data.*";"fetched (200)";"2023-10-01 16:09:50.815347";"Facebook:/<comment-id>/comments";"";"Mariola Diaz Martinez"
"1";"501";"1";"1761557280583534";"data";"data.*";"fetched (200)";"2023-10-01 16:09:50.815347";"Facebook:/<comment-id>/comments";"";"Sumire Flores"
"1";"502";"1";"1761557280583534";"data";"data.*";"fetched (200)";"2023-10-01 16:09:50.815347";"Facebook:/<comment-id>/comments";"";"Isabel Colome"
"1";"503";"1";"1761557280583534";"data";"data.*";"fetched (200)";"2023-10-01 16:09:50.815347";"Facebook:/<comment-id>/comments";"";"Ayko Yacchi"
"1";"504";"1";"1761557280583534";"data";"data.*";"fetched (200)";"2023-10-01 16:09:50.815347";"Facebook:/<comment-id>/comments";"";"Elizabeth"
"1";"505";"1";"1761557280583534";"data";"data.*";"fetched (200)";"2023-10-01 16:09:50.815347";"Facebook:/<comment-id>/comments";"";"Renan Lopez xD"
"1";"506";"1";"1761557280583534";"data";"data.*";"fetched (200)";"2023-10-01 16:09:50.815347";"Facebook:/<comment-id>/comments";"";"Paul Riojas"
"1";"507";"1";"1761557280583534";"data";"data.*";"fetched (200)";"2023-10-01 16:09:50.815347";"Facebook:/<comment-id>/comments";"";"Angelica Cavero"
"1";"508";"1";"1761557280583534";"data";"data.*";"fetched (200)";"2023-10-01 16:09:50.815347";"Facebook:/<comment-id>/comments";"";"Fiorella Cerron Calderon"
"1";"509";"1";"1761557280583534";"data";"data.*";"fetched (200)";"2023-10-01 16:09:50.815347";"Facebook:/<comment-id>/comments";"";"Sandra Ortiz"
"1";"510";"1";"1761557280583534";"data";"data.*";"fetched (200)";"2023-10-01 16:09:50.815347";"Facebook:/<comment-id>/comments";"";"Alonso"
"1";"511";"1";"1761557280583534";"data";"data.*";"fetched (200)";"2023-10-01 16:09:50.815347";"Facebook:/<comment-id>/comments";"";"Vale León Cevallos"
"1";"512";"1";"1761557280583534";"data";"data.*";"fetched (200)";"2023-10-01 16:09:50.815347";"Facebook:/<comment-id>/comments";"";"Antoinette Blanco"
"1";"513";"1";"1761557280583534";"data";"data.*";"fetched (200)";"2023-10-01 16:09:50.815347";"Facebook:/<comment-id>/comments";"";"Tatsuo Kawaguchi"
"1";"514";"1";"1761557280583534";"data";"data.*";"fetched (200)";"2023-10-01 16:09:50.815347";"Facebook:/<comment-id>/comments";"";"Ariana Salazare"
"1";"515";"1";"1761557280583534";"data";"data.*";"fetched (200)";"2023-10-01 16:09:50.815347";"Facebook:/<comment-id>/comments";"";"Paola Palomino Paola Palomino"
"1";"516";"1";"1761557280583534";"data";"data.*";"fetched (200)";"2023-10-01 16:09:50.815347";"Facebook:/<comment-id>/comments";"";"Liszeth Alessandra Villacorta Villaseca Astrid Priscila Villacorta Villaseca la pizza 🙄🙄🙄"
"1";"517";"1";"1761557280583534";"data";"data.*";"fetched (200)";"2023-10-01 16:09:50.815347";"Facebook:/<comment-id>/comments";"";"Eduardo Asto"
"1";"518";"1";"1761557280583534";"data";"data.*";"fetched (200)";"2023-10-01 16:09:50.815347";"Facebook:/<comment-id>/comments";"";"Angela Borgazzi 🤣🤣"
"1";"519";"1";"1761557280583534";"data";"data.*";"fetched (200)";"2023-10-01 16:09:50.815347";"Facebook:/<comment-id>/comments";"";"Marcia Castromonte Gross:’v"
"1";"520";"1";"1761557280583534";"data";"data.*";"fetched (200)";"2023-10-01 16:09:50.815347";"Facebook:/<comment-id>/comments";"";"Victor Vallejos Macedo JAJA"
"1";"521";"1";"1761557280583534";"offcut";"";"fetched (200)";"2023-10-01 16:09:50.815347";"Facebook:/<comment-id>/comments";"";""
"1";"522";"1";"1761557280583534";"data";"data.*";"fetched (200)";"2023-10-01 16:09:51.326790";"Facebook:/<comment-id>/comments";"";"Tania Negreiros Ortecho"
"1";"523";"1";"1761557280583534";"data";"data.*";"fetched (200)";"2023-10-01 16:09:51.326790";"Facebook:/<comment-id>/comments";"";"Maria Fernanda"
"1";"524";"1";"1761557280583534";"data";"data.*";"fetched (200)";"2023-10-01 16:09:51.326790";"Facebook:/<comment-id>/comments";"";"Yossi Atencio Malpartida xd"
"1";"525";"1";"1761557280583534";"data";"data.*";"fetched (200)";"2023-10-01 16:09:51.326790";"Facebook:/<comment-id>/comments";"";"Keren"
"1";"526";"1";"1761557280583534";"data";"data.*";"fetched (200)";"2023-10-01 16:09:51.326790";"Facebook:/<comment-id>/comments";"";"Michelle Futterknecht Carlos Abugattas Juan Carlos Giha 🙄🍕"
"1";"527";"1";"1761557280583534";"data";"data.*";"fetched (200)";"2023-10-01 16:09:51.326790";"Facebook:/<comment-id>/comments";"";"Francesca Chahuan Rodsana Estrada Maria Claudia Ramírez Marcia Estrada Morales Thais Banchero"
"1";"528";"1";"1761557280583534";"data";"data.*";"fetched (200)";"2023-10-01 16:09:51.326790";"Facebook:/<comment-id>/comments";"";"Silvya Portal"
"1";"529";"1";"1761557280583534";"data";"data.*";"fetched (200)";"2023-10-01 16:09:51.326790";"Facebook:/<comment-id>/comments";"";"VaNessa LisBeth HerreRa HuiSñay!!"
"1";"530";"1";"1761557280583534";"data";"data.*";"fetched (200)";"2023-10-01 16:09:51.326790";"Facebook:/<comment-id>/comments";"";"Jhosua Vidalon 🙄"
"1";"531";"1";"1761557280583534";"data";"data.*";"fetched (200)";"2023-10-01 16:09:51.326790";"Facebook:/<comment-id>/comments";"";"Alejandra Yabar Anace VS"
"1";"532";"1";"1761557280583534";"data";"data.*";"fetched (200)";"2023-10-01 16:09:51.326790";"Facebook:/<comment-id>/comments";"";"Gabriela Ramirez😂"
"1";"533";"1";"1761557280583534";"data";"data.*";"fetched (200)";"2023-10-01 16:09:51.326790";"Facebook:/<comment-id>/comments";"";"Fátima Murgueitio"
"1";"534";"1";"1761557280583534";"data";"data.*";"fetched (200)";"2023-10-01 16:09:51.326790";"Facebook:/<comment-id>/comments";"";"Yasumi Medina"
"1";"535";"1";"1761557280583534";"data";"data.*";"fetched (200)";"2023-10-01 16:09:51.326790";"Facebook:/<comment-id>/comments";"";"María Paula Schebesta Zegarra"
"1";"536";"1";"1761557280583534";"data";"data.*";"fetched (200)";"2023-10-01 16:09:51.326790";"Facebook:/<comment-id>/comments";"";"Carlos Medina Astete"
"1";"537";"1";"1761557280583534";"data";"data.*";"fetched (200)";"2023-10-01 16:09:51.326790";"Facebook:/<comment-id>/comments";"";"Rodrigo"
"1";"538";"1";"1761557280583534";"data";"data.*";"fetched (200)";"2023-10-01 16:09:51.326790";"Facebook:/<comment-id>/comments";"";"Maria Gratzia Tume Fuentes 🐥"
"1";"539";"1";"1761557280583534";"data";"data.*";"fetched (200)";"2023-10-01 16:09:51.326790";"Facebook:/<comment-id>/comments";"";"Catherine Milachay"
"1";"540";"1";"1761557280583534";"data";"data.*";"fetched (200)";"2023-10-01 16:09:51.326790";"Facebook:/<comment-id>/comments";"";"Alessandra Ríos Canelo es tan tu"
"1";"541";"1";"1761557280583534";"data";"data.*";"fetched (200)";"2023-10-01 16:09:51.326790";"Facebook:/<comment-id>/comments";"";"Barbie Adriana Kenny Villafuerte"
"1";"542";"1";"1761557280583534";"data";"data.*";"fetched (200)";"2023-10-01 16:09:51.326790";"Facebook:/<comment-id>/comments";"";"Bárbara Jimenez Ian Guerrero"
"1";"543";"1";"1761557280583534";"data";"data.*";"fetched (200)";"2023-10-01 16:09:51.326790";"Facebook:/<comment-id>/comments";"";"Mariana Aguilar Avila"
"1";"544";"1";"1761557280583534";"data";"data.*";"fetched (200)";"2023-10-01 16:09:51.326790";"Facebook:/<comment-id>/comments";"";"Juan Pablo Pretelt"
"1";"545";"1";"1761557280583534";"data";"data.*";"fetched (200)";"2023-10-01 16:09:51.326790";"Facebook:/<comment-id>/comments";"";"Lucia Villarreal"
"1";"546";"1";"1761557280583534";"data";"data.*";"fetched (200)";"2023-10-01 16:09:51.326790";"Facebook:/<comment-id>/comments";"";"Fernando"
"1";"547";"1";"1761557280583534";"offcut";"";"fetched (200)";"2023-10-01 16:09:51.326790";"Facebook:/<comment-id>/comments";"";""
"1";"548";"1";"1761557280583534";"data";"data.*";"fetched (200)";"2023-10-01 16:09:51.326790";"Facebook:/<comment-id>/comments";"";"Alejandra Feijoo"
"1";"549";"1";"1761557280583534";"data";"data.*";"fetched (200)";"2023-10-01 16:09:51.326790";"Facebook:/<comment-id>/comments";"";"Alexandra Saenz Valdivia"
"1";"550";"1";"1761557280583534";"data";"data.*";"fetched (200)";"2023-10-01 16:09:51.326790";"Facebook:/<comment-id>/comments";"";"Anabel Nieto"
"1";"551";"1";"1761557280583534";"data";"data.*";"fetched (200)";"2023-10-01 16:09:51.326790";"Facebook:/<comment-id>/comments";"";"Jajajaja Isaias Perales Montoya"
"1";"552";"1";"1761557280583534";"data";"data.*";"fetched (200)";"2023-10-01 16:09:51.326790";"Facebook:/<comment-id>/comments";"";"André Rivera Guståvson"
"1";"553";"1";"1761557280583534";"data";"data.*";"fetched (200)";"2023-10-01 16:09:51.326790";"Facebook:/<comment-id>/comments";"";"Diana Morzán Dávila"
"1";"554";"1";"1761557280583534";"data";"data.*";"fetched (200)";"2023-10-01 16:09:51.326790";"Facebook:/<comment-id>/comments";"";"Mary Christ Gonzales G"
"1";"555";"1";"1761557280583534";"data";"data.*";"fetched (200)";"2023-10-01 16:09:51.326790";"Facebook:/<comment-id>/comments";"";"María Luz Armas Viteri"
"1";"556";"1";"1761557280583534";"data";"data.*";"fetched (200)";"2023-10-01 16:09:51.326790";"Facebook:/<comment-id>/comments";"";"Andrea"
"1";"557";"1";"1761557280583534";"data";"data.*";"fetched (200)";"2023-10-01 16:09:51.326790";"Facebook:/<comment-id>/comments";"";"Nicolle Alva"
"1";"558";"1";"1761557280583534";"data";"data.*";"fetched (200)";"2023-10-01 16:09:51.326790";"Facebook:/<comment-id>/comments";"";"Oscar Alvarado Ortega"
"1";"559";"1";"1761557280583534";"data";"data.*";"fetched (200)";"2023-10-01 16:09:51.326790";"Facebook:/<comment-id>/comments";"";"Paola Mendoza"
"1";"560";"1";"1761557280583534";"data";"data.*";"fetched (200)";"2023-10-01 16:09:51.326790";"Facebook:/<comment-id>/comments";"";"Daniela Anticona"
"1";"561";"1";"1761557280583534";"data";"data.*";"fetched (200)";"2023-10-01 16:09:51.326790";"Facebook:/<comment-id>/comments";"";"Milagro Benancio T"
"1";"562";"1";"1761557280583534";"data";"data.*";"fetched (200)";"2023-10-01 16:09:51.326790";"Facebook:/<comment-id>/comments";"";"Jesus Arenaza"
"1";"563";"1";"1761557280583534";"data";"data.*";"fetched (200)";"2023-10-01 16:09:51.326790";"Facebook:/<comment-id>/comments";"";"https://m.youtube.com/watch?v=ykecFaf04GI"
"1";"564";"1";"1761557280583534";"data";"data.*";"fetched (200)";"2023-10-01 16:09:51.326790";"Facebook:/<comment-id>/comments";"";"Fiorella Cardoza Albán"
"1";"565";"1";"1761557280583534";"data";"data.*";"fetched (200)";"2023-10-01 16:09:51.326790";"Facebook:/<comment-id>/comments";"";"Yuliana Castilla Vargas"
"1";"566";"1";"1761557280583534";"data";"data.*";"fetched (200)";"2023-10-01 16:09:51.326790";"Facebook:/<comment-id>/comments";"";"Monica Coronado Olortigue"
"1";"567";"1";"1761557280583534";"data";"data.*";"fetched (200)";"2023-10-01 16:09:51.326790";"Facebook:/<comment-id>/comments";"";"Andrea Coronado Miranda"
"1";"568";"1";"1761557280583534";"data";"data.*";"fetched (200)";"2023-10-01 16:09:51.326790";"Facebook:/<comment-id>/comments";"";"Jair Silva Pizarro"
"1";"569";"1";"1761557280583534";"data";"data.*";"fetched (200)";"2023-10-01 16:09:51.326790";"Facebook:/<comment-id>/comments";"";"Carla Perez Contreras"
"1";"570";"1";"1761557280583534";"offcut";"";"fetched (200)";"2023-10-01 16:09:51.326790";"Facebook:/<comment-id>/comments";"";""
